capture_id,app_turtle_id,view,captured_date,original_filename
188,1,carapace_top,2025-05-21,2025-05-21 19.01.13.jpg
189,1,carapace_top,2025-06-06,2025-06-06 08.41.36.jpg
190,1,carapace_left,2025-05-21,2025-05-21 19.02.22.jpg
191,1,carapace_right,2025-05-21,2025-05-21 19.03.35.jpg
192,1,carapace_right,2025-06-06,2025-06-06 08.43.22.jpg
193,1,plastron,2025-05-21,2025-05-21 19.35.16.jpg
194,1,plastron,2025-06-06,2025-06-06 08.40.33.jpg
195,2,carapace_top,2025-05-21,2025-05-21 19.07.05.jpg
196,2,carapace_left,2025-05-21,2025-05-21 19.07.18.jpg
197,2,carapace_right,2025-05-21,2025-05-21 19.07.29.jpg
198,2,plastron,2025-05-21,2025-05-21 19.08.44.jpg
199,2,front,2025-05-21,2025-05-21 19.08.51.jpg
200,2,rear,2025-05-21,2025-05-21 19.09.01.jpg
201,3,carapace_top,2025-05-23,2025-05-23 14.17.45.jpg
202,3,carapace_left,2025-05-23,2025-05-23 14.18.03.jpg
203,3,carapace_right,2025-05-23,2025-05-23 14.18.37.jpg
204,3,plastron,2025-06-06,2025-06-06 17.17.02.jpg
205,3,front,2025-05-23,2025-05-23 14.18.50.jpg
206,4,carapace_top,2025-05-21,2025-05-21 19.25.30.jpg
207,4,carapace_left,2025-05-21,2025-05-21 19.26.55.jpg
208,4,carapace_right,2025-05-21,2025-05-21 19.27.17.jpg
209,5,carapace_top,2025-05-23,2025-05-23 14.05.34.jpg
210,5,carapace_left,2025-05-23,2025-05-23 14.06.02.jpg
211,5,carapace_right,2025-05-23,2025-05-23 14.06.26.jpg
212,6,carapace_top,2025-05-23,2025-05-23 13.57.48.jpg
213,6,carapace_left,2025-05-23,2025-05-23 13.58.15.jpg
214,6,carapace_right,2025-05-23,2025-05-23 13.58.40.jpg
215,6,rear,2025-05-23,2025-05-23 13.59.04.jpg
216,7,carapace_top,2025-05-21,2025-05-21 19.39.05.jpg
217,7,carapace_left,2025-05-21,2025-05-21 19.39.18.jpg
218,7,carapace_right,2025-05-21,2025-05-21 19.40.04.jpg
219,7,plastron,2025-05-21,2025-05-21 19.40.21.jpg
220,8,carapace_top,2025-05-23,2025-05-23 13.43.04.jpg
221,8,carapace_left,2025-05-23,2025-05-23 13.43.27.jpg
222,8,carapace_right,2025-05-23,2025-05-23 13.43.43.jpg
223,8,plastron,2025-05-23,2025-05-23 13.44.06.jpg
224,8,front,2025-05-23,2025-05-23 13.44.21.jpg
225,9,carapace_top,2025-05-21,2025-05-21 19.42.11.jpg
226,9,carapace_left,2025-05-21,2025-05-21 19.42.31.jpg
227,9,carapace_right,2025-05-21,2025-05-21 19.43.20.jpg
228,9,plastron,2025-05-21,2025-05-21 19.43.36.jpg
234,10,carapace_top,2025-06-17,2025-06-17 07.06.03.jpg
235,10,carapace_left,2025-06-17,2025-06-17 07.05.53.jpg
236,10,carapace_right,2025-06-17,2025-06-17 07.05.56.jpg
237,10,plastron,2025-06-17,2025-06-17 07.06.09.jpg
238,10,front,2025-06-17,2025-06-17 07.06.15.jpg
239,10,rear,2025-06-17,2025-06-17 07.06.34.jpg
240,11,carapace_top,2025-06-03,2025-06-03 07.01.14.jpg
241,11,carapace_top,2025-08-03,2025-08-03 08.21.47.jpg
242,11,carapace_left,2025-08-03,2025-08-03 08.10.42.jpg
243,11,carapace_right,2025-08-03,2025-08-03 08.10.55.jpg
244,11,plastron,2025-06-03,2025-06-03 07.01.20.jpg
245,12,carapace_top,,Jazzy_top.jpg
246,12,carapace_left,,Jazzy_left.jpg
247,12,carapace_right,,Jazzy_right.jpg
248,13,carapace_top,2025-06-03,2025-06-03 06.56.38.jpg
249,13,carapace_left,2025-06-03,2025-06-03 06.57.07.jpg
250,13,carapace_right,2025-06-03,2025-06-03 06.56.51.jpg
251,13,plastron,2025-06-03,2025-06-03 06.57.25.jpg
252,14,carapace_top,2025-05-21,2025-05-21 19.51.30.jpg
253,14,carapace_left,2025-05-21,2025-05-21 19.51.46.jpg
254,14,carapace_right,2025-05-21,2025-05-21 19.51.59.jpg
255,14,front,2025-05-21,2025-05-21 19.52.35.jpg
256,14,rear,2025-05-21,2025-05-21 19.52.51.jpg
257,15,carapace_top,2025-05-21,2025-05-21 19.31.39.jpg
258,15,carapace_left,2025-05-21,2025-05-21 19.32.04.jpg
259,15,carapace_right,2025-05-21,2025-05-21 19.33.41.jpg
260,15,plastron,2025-05-21,2025-05-21 19.34.20.jpg
261,16,carapace_top,2025-05-23,2025-05-23 13.52.49.jpg
262,16,carapace_left,2025-05-23,2025-05-23 13.53.12.jpg
263,16,carapace_right,2025-05-23,2025-05-23 13.53.43.jpg
264,16,plastron,2025-06-11,2025-06-11 10.45.31.jpg
265,17,carapace_top,2025-06-09,2025-06-09 20.25.22.jpg
266,17,carapace_top,2025-06-08,2025-06-08 17.25.05.jpg
267,17,carapace_left,2025-06-08,2025-06-08 17.24.45.jpg
268,17,carapace_right,2025-06-08,2025-06-08 17.24.50.jpg
269,17,carapace_right,2025-06-09,2025-06-09 20.25.14.jpg
270,17,rear,2025-06-08,2025-06-08 17.25.11.jpg
271,17,rear,2025-06-09,2025-06-09 20.25.51.jpg
272,18,carapace_top,2025-06-07,2025-06-07 08.56.04.jpg
273,18,carapace_left,2025-06-07,2025-06-07 08.54.52.jpg
274,18,carapace_right,2025-06-07,2025-06-07 08.55.28.jpg
275,18,plastron,2025-06-07,2025-06-07 08.56.28.jpg
276,19,carapace_top,2025-06-06,2025-06-06 10.26.55.jpg
277,19,carapace_left,2025-06-06,2025-06-06 10.26.21.jpg
278,19,carapace_right,2025-06-06,2025-06-06 10.26.44.jpg
279,19,plastron,2025-06-06,2025-06-06 10.27.04.jpg
280,20,carapace_top,2025-05-23,2025-05-23 13.35.27.jpg
281,20,carapace_top,2025-06-16,2025-06-16 06.40.29.jpg
282,20,carapace_left,2025-05-23,2025-05-23 13.35.44.jpg
283,20,carapace_right,2025-05-23,2025-05-23 13.33.48.jpg
284,20,carapace_right,2025-05-23,2025-05-23 14.14.23.jpg
285,20,carapace_right,2025-06-16,2025-06-16 06.40.14.jpg
286,20,plastron,2025-06-16,2025-06-16 06.40.42.jpg
287,20,front,2025-06-16,2025-06-16 06.41.06.jpg
288,20,rear,2025-06-16,2025-06-16 06.41.20.jpg
289,21,carapace_top,2025-06-13,2025-06-13 16.56.45.jpg
290,21,carapace_left,2025-06-13,2025-06-13 16.56.22.jpg
291,21,carapace_right,2025-06-13,2025-06-13 16.56.36.jpg
292,21,plastron,2025-06-13,2025-06-13 16.57.48.jpg
293,21,front,2025-06-13,2025-06-13 16.57.08.jpg
294,21,rear,2025-06-13,2025-06-13 16.57.18.jpg
295,22,carapace_top,2025-06-13,2025-06-13 09.13.49.jpg
296,22,carapace_left,2025-06-13,2025-06-13 09.11.07.jpg
297,22,carapace_right,2025-06-13,2025-06-13 09.13.25.jpg
298,22,plastron,2025-06-13,2025-06-13 09.14.08.jpg
299,22,front,2025-06-13,2025-06-13 09.12.23.jpg
300,22,rear,2025-06-13,2025-06-13 09.12.56.jpg
301,23,carapace_top,2025-05-23,2025-05-23 14.09.44.jpg
302,23,carapace_left,2025-05-23,2025-05-23 14.10.05.jpg
303,23,carapace_right,2025-06-06,2025-06-06 08.38.03.jpg
304,24,carapace_top,2025-07-28,2025-07-28 08.37.07.jpg
305,24,carapace_left,2025-06-15,2025-06-15 08.09.11.jpg
306,24,carapace_right,,EBT_Right.jpg
307,25,carapace_top,2025-07-28,2025-07-28 08.36.46.jpg
308,25,carapace_left,2025-06-15,2025-06-15 08.09.34.jpg
309,26,carapace_top,2025-05-21,2025-05-21 19.10.11.jpg
310,26,carapace_left,2025-05-21,2025-05-21 19.10.38.jpg
311,26,carapace_right,2025-05-21,2025-05-21 19.10.45.jpg
312,27,carapace_top,2025-05-21,2025-05-21 19.29.40.jpg
313,27,carapace_left,2025-05-21,2025-05-21 19.30.01.jpg
314,27,carapace_right,2025-05-21,2025-05-21 19.30.10.jpg
315,28,carapace_top,2025-06-13,2025-06-13 17.10.03.jpg
316,28,carapace_left,2025-06-13,2025-06-13 17.09.34.jpg
317,28,carapace_right,2025-06-13,2025-06-13 17.09.46.jpg
318,29,carapace_top,2025-06-13,2025-06-13 17.04.43.jpg
319,29,carapace_left,2025-06-13,2025-06-13 17.01.45.jpg
320,29,carapace_right,2025-06-13,2025-06-13 17.02.10.jpg
321,29,plastron,2025-06-13,2025-06-13 17.05.02.jpg
322,29,front,2025-06-13,2025-06-13 17.02.16.jpg
323,30,carapace_top,2025-05-21,2025-05-21 19.19.57.jpg
324,30,carapace_left,2025-05-21,2025-05-21 19.20.17.jpg
325,30,carapace_right,2025-05-21,2025-05-21 19.21.32.jpg
326,30,plastron,2025-05-21,2025-05-21 19.22.58.jpg
327,31,carapace_top,2025-05-21,2025-05-21 07.44.39.jpg
328,31,carapace_left,2025-05-18,2025-05-18 07.20.10.jpg
329,31,carapace_right,2025-05-18,2025-05-18 07.20.25.jpg
330,31,plastron,2025-06-01,2025-06-01 06.42.54.jpg
331,31,front,2025-05-20,2025-05-20 10.41.21.jpg
332,31,front,2025-05-21,2025-05-21 19.47.09.jpg
333,31,rear,2025-05-20,2025-05-20 10.41.37.jpg
334,32,carapace_top,2025-05-23,2025-05-23 13.48.50.jpg
335,32,carapace_left,2025-05-23,2025-05-23 13.49.15.jpg
336,32,carapace_right,2025-05-23,2025-05-23 13.49.36.jpg
337,32,front,2025-05-23,2025-05-23 13.50.13.jpg
338,33,carapace_top,2025-06-20,2025-06-20 17.44.38.jpg
339,33,carapace_left,2025-06-20,2025-06-20 17.00.00.jpg
340,33,carapace_right,2025-06-20,2025-06-20 16.59.42.jpg
341,33,plastron,2025-06-20,2025-06-20 17.44.44.jpg
342,33,front,2025-06-20,2025-06-20 17.45.01.jpg
343,33,front,2025-06-20,2025-06-20 17.45.03.jpg
344,33,front,2025-06-20,2025-06-20 17.45.03.jpg
345,34,carapace_top,2025-06-10,2025-06-10 17.31.29.jpg
346,34,carapace_left,2025-06-10,2025-06-10 17.31.03.jpg
347,34,carapace_right,2025-06-10,2025-06-10 17.31.15.jpg
348,35,carapace_top,,top.jpg
349,35,carapace_left,,left.jpg
350,35,carapace_right,,right.jpg
351,35,rear,2025-06-03,2025-06-03 21.39.55.jpg
352,36,carapace_top,2025-05-23,2025-05-23 14.01.32.jpg
353,36,carapace_left,2025-05-23,2025-05-23 14.01.54.jpg
354,36,carapace_right,2025-05-23,2025-05-23 14.02.04.jpg
355,36,plastron,2025-05-23,2025-05-23 14.03.04.jpg
356,36,front,2025-05-23,2025-05-23 14.02.20.jpg
357,36,front,2025-05-23,2025-05-23 14.03.19.jpg
358,37,carapace_top,2025-05-21,2025-05-21 19.49.05.jpg
359,37,carapace_left,2025-05-21,2025-05-21 19.49.20.jpg
360,37,carapace_right,2025-05-21,2025-05-21 19.49.35.jpg
361,38,carapace_top,2025-06-17,2025-06-17 07.38.10.jpg
362,38,carapace_left,2025-06-17,2025-06-17 07.37.50.jpg
363,38,carapace_right,2025-06-17,2025-06-17 07.37.56.jpg
364,38,plastron,2025-06-17,2025-06-17 07.38.14.jpg
365,39,carapace_top,2025-06-20,2025-06-20 16.57.23.jpg
366,39,carapace_left,2025-06-20,2025-06-20 17.49.01.jpg
367,39,carapace_right,2025-06-20,2025-06-20 16.57.37.jpg
368,39,plastron,2025-06-20,2025-06-20 17.49.07.jpg
369,2,carapace_top,2025-05-31,2025-05-31 10.49.13.jpg
370,2,carapace_left,2025-05-31,2025-05-31 10.49.39.jpg
371,2,carapace_right,2025-05-31,2025-05-31 10.49.51.jpg
372,2,plastron,2025-05-31,2025-05-31 10.50.03.jpg
373,2,front,2025-05-31,2025-05-31 10.50.07.jpg
374,2,back,2025-05-31,2025-05-31 10.50.13.jpg
375,7,carapace_top,2025-06-07,2025-06-07 13.13.33.jpg
376,7,carapace_left,2025-06-07,2025-06-07 13.13.08.jpg
377,7,carapace_right,2025-06-07,2025-06-07 13.13.26.jpg
378,7,site_view,2025-06-07,2025-06-07 13.13.49.jpg
379,7,site_view,2025-06-07,2025-06-07 13.16.01.jpg
380,7,site_view,2025-06-07,2025-06-07 13.16.09.jpg
381,28,carapace_top,2025-06-10,2025-06-10 20.08.18.jpg
382,28,carapace_left,2025-06-10,2025-06-10 20.07.54.jpg
383,28,carapace_right,2025-06-10,2025-06-10 20.08.05.jpg
384,14,carapace_top,2025-07-14,2025-07-14 11.24.08.jpg
385,14,carapace_left,2025-06-11,2025-06-11 12.09.29.jpg
386,14,carapace_right,2025-06-10,2025-06-10 07.31.07.jpg
387,14,site_view,2025-06-10,2025-06-10 07.31.24.jpg
388,37,carapace_top,2025-06-10,2025-06-10 19.21.35.jpg
389,37,carapace_left,2025-06-11,2025-06-11 12.14.02.jpg
390,37,carapace_right,2025-06-11,2025-06-11 12.13.36.jpg
391,37,site_view,2025-06-10,2025-06-10 19.21.59.jpg
392,37,carapace_top,2025-06-10,2025-06-10 17.20.29.jpg
393,37,carapace_left,2025-06-10,2025-06-10 17.19.38.jpg
394,37,carapace_right,2025-06-10,2025-06-10 17.19.53.jpg
395,37,site_view,2025-06-10,2025-06-10 17.21.02.jpg
396,37,site_view,2025-06-10,2025-06-10 17.21.03.jpg
397,5,carapace_top,2025-06-11,2025-06-11 10.08.02.jpg
398,5,carapace_left,2025-06-11,2025-06-11 10.06.18.jpg
399,5,carapace_right,2025-06-11,2025-06-11 10.06.33.jpg
400,5,site_view,2025-06-11,2025-06-11 10.08.38.jpg
401,5,site_view,2025-06-11,2025-06-11 10.08.38.jpg
402,18,carapace_top,2025-07-11,2025-07-11 09.13.19.jpg
403,18,carapace_left,2025-06-11,2025-06-11 10.36.56.jpg
404,18,carapace_right,2025-06-11,2025-06-11 10.37.26.jpg
405,18,site_view,2025-06-11,2025-06-11 10.37.55.jpg
406,18,site_view,2025-06-11,2025-06-11 10.37.56.jpg
407,31,carapace_top,2025-05-20,2025-05-20 09.37.42.jpg
408,31,carapace_left,2025-05-20,2025-05-20 09.38.25.jpg
409,31,carapace_right,2025-05-20,2025-05-20 09.38.41.jpg
410,14,carapace_top,2025-06-10,2025-06-10 07.29.55.jpg
411,14,carapace_left,2025-06-10,2025-06-10 07.29.49.jpg
412,14,carapace_right,2025-06-10,2025-06-10 07.29.32.jpg
413,14,site_view,2025-06-10,2025-06-10 07.30.02.jpg
414,24,carapace_top,2025-06-12,2025-06-12 16.31.33.jpg
415,24,carapace_left,2025-06-12,2025-06-12 16.31.07.jpg
416,24,carapace_right,2025-06-12,2025-06-12 16.31.12.jpg
417,24,front,2025-06-12,2025-06-12 16.32.01.jpg
418,16,carapace_top,2025-06-11,2025-06-11 17.18.55.jpg
419,16,carapace_top,2025-06-11,2025-06-11 17.18.55.jpg
420,16,carapace_left,2025-06-11,2025-06-11 17.18.03.jpg
421,16,carapace_right,2025-06-11,2025-06-11 17.18.21.jpg
422,16,site_view,2025-06-11,2025-06-11 17.19.43.jpg
423,31,carapace_top,2025-07-11,2025-07-11 09.09.33.jpg
424,31,carapace_left,2025-06-03,2025-06-03 06.59.47.jpg
425,31,carapace_right,2025-06-11,2025-06-11 12.13.36.jpg
426,15,carapace_top,2025-06-11,2025-06-11 07.21.11.jpg
427,15,carapace_left,2025-06-11,2025-06-11 07.20.46.jpg
428,15,carapace_right,2025-06-11,2025-06-11 07.20.59.jpg
429,20,carapace_top,2025-06-16,2025-06-16 06.38.36.jpg
430,20,carapace_left,2025-06-16,2025-06-16 06.38.07.jpg
431,20,carapace_right,2025-06-16,2025-06-16 06.38.19.jpg
432,20,plastron,2025-06-16,2025-06-16 06.38.55.jpg
433,20,front,2025-06-16,2025-06-16 06.39.07.jpg
434,20,back,2025-06-16,2025-06-16 06.39.24.jpg
435,7,carapace_top,2025-06-11,2025-06-11 17.13.02.jpg
436,7,carapace_left,2025-06-11,2025-06-11 17.12.20.jpg
437,7,carapace_right,2025-06-11,2025-06-11 17.12.45.jpg
438,7,plastron,2025-06-11,2025-06-11 17.13.21.jpg
439,31,carapace_top,2025-05-20,2025-05-20 09.58.45.jpg
440,31,carapace_left,2025-05-20,2025-05-20 09.58.59.jpg
441,31,carapace_right,2025-05-20,2025-05-20 09.59.12.jpg
442,31,back,2025-05-20,2025-05-20 09.59.33.jpg
443,18,carapace_top,2025-06-07,2025-06-07 12.51.48.jpg
444,18,carapace_left,2025-06-07,2025-06-07 12.51.23.jpg
445,18,carapace_right,2025-06-07,2025-06-07 12.51.33.jpg
446,18,front,2025-06-07,2025-06-07 12.52.01.jpg
447,18,site_view,2025-06-07,2025-06-07 12.52.10.jpg
448,18,site_view,2025-06-07,2025-06-07 12.52.32.jpg
449,18,carapace_top,2025-06-08,2025-06-08 08.02.11.jpg
450,18,carapace_left,2025-06-08,2025-06-08 08.01.56.jpg
451,18,carapace_right,2025-06-08,2025-06-08 08.02.03.jpg
452,18,site_view,2025-06-08,2025-06-08 08.02.38.jpg
453,6,carapace_top,2025-06-16,2025-06-16 07.29.36.jpg
454,6,carapace_left,2025-06-16,2025-06-16 07.29.10.jpg
455,6,carapace_right,2025-06-16,2025-06-16 07.29.30.jpg
456,37,carapace_top,2025-06-17,2025-06-17 08.44.33.jpg
457,37,carapace_left,2025-06-17,2025-06-17 08.44.15.jpg
458,37,carapace_right,2025-06-17,2025-06-17 08.44.23.jpg
459,37,site_view,2025-06-17,2025-06-17 08.44.53.jpg
460,37,site_view,2025-06-17,2025-06-17 08.44.57.jpg
461,29,carapace_top,2025-06-01,2025-06-01 17.02.43.jpg
462,29,carapace_left,2025-06-01,2025-06-01 17.02.10.jpg
463,29,carapace_right,2025-06-01,2025-06-01 17.02.26.jpg
464,29,plastron,2025-06-01,2025-06-01 17.03.02.jpg
465,14,carapace_top,2025-07-14,2025-07-14 11.22.21.jpg
466,14,carapace_left,2025-06-11,2025-06-11 11.59.34.jpg
467,14,carapace_right,2025-06-11,2025-06-11 17.21.58.jpg
468,14,site_view,2025-06-11,2025-06-11 17.22.21.jpg
469,14,site_view,2025-06-11,2025-06-11 17.22.24.jpg
470,14,site_view,2025-06-11,2025-06-11 17.22.24.jpg
471,32,carapace_top,2025-07-14,2025-07-14 11.18.12.jpg
472,32,carapace_left,2025-06-22,2025-06-22 08.16.22.jpg
473,32,carapace_right,2025-06-22,2025-06-22 08.16.27.jpg
474,32,site_view,2025-06-22,2025-06-22 08.16.44.jpg
475,18,carapace_top,2025-06-10,2025-06-10 07.13.48.jpg
476,18,carapace_left,2025-06-11,2025-06-11 12.10.39.jpg
477,18,carapace_right,2025-06-10,2025-06-10 07.13.42.jpg
478,18,site_view,2025-06-10,2025-06-10 07.14.28.jpg
479,18,site_view,2025-06-10,2025-06-10 07.14.29.jpg
480,18,site_view,2025-06-10,2025-06-10 07.14.31.jpg
481,18,site_view,2025-06-10,2025-06-10 07.14.31.jpg
482,26,carapace_top,2025-06-01,2025-06-01 06.31.23.jpg
483,26,carapace_left,2025-06-01,2025-06-01 06.31.37.jpg
484,26,carapace_right,2025-06-01,2025-06-01 06.31.47.jpg
485,37,carapace_top,2025-06-05,2025-06-05 07.00.07.jpg
486,37,carapace_left,2025-06-05,2025-06-05 06.59.26.jpg
487,37,carapace_right,2025-06-05,2025-06-05 06.59.44.jpg
488,37,front,2025-06-05,2025-06-05 07.00.30.jpg
489,37,back,2025-06-05,2025-06-05 07.00.48.jpg
490,14,carapace_top,2025-06-11,2025-06-11 09.20.11.jpg
491,14,carapace_left,2025-06-11,2025-06-11 09.19.44.jpg
492,14,carapace_right,2025-06-11,2025-06-11 09.19.57.jpg
493,14,plastron,2025-06-11,2025-06-11 09.20.25.jpg
494,14,front,2025-06-11,2025-06-11 09.20.41.jpg
495,14,site_view,2025-06-11,2025-06-11 09.20.59.jpg
496,31,carapace_top,2025-06-16,2025-06-16 21.36.03.jpg
497,31,carapace_left,2025-06-16,2025-06-16 21.35.26.jpg
498,31,carapace_right,2025-06-16,2025-06-16 21.35.44.jpg
499,7,carapace_top,2025-06-10,2025-06-10 07.12.27.jpg
500,7,carapace_left,2025-06-10,2025-06-10 07.12.01.jpg
501,7,carapace_right,2025-06-10,2025-06-10 07.12.05.jpg
502,7,site_view,2025-06-10,2025-06-10 07.12.36.jpg
503,14,carapace_top,2025-06-10,2025-06-10 14.50.36.jpg
504,14,carapace_left,2025-06-10,2025-06-10 14.50.09.jpg
505,14,carapace_right,2025-06-10,2025-06-10 14.50.24.jpg
506,14,site_view,2025-06-10,2025-06-10 14.51.06.jpg
507,31,carapace_top,2025-05-20,2025-05-20 10.03.49.jpg
508,31,carapace_left,2025-05-20,2025-05-20 10.04.00.jpg
509,31,carapace_right,2025-05-20,2025-05-20 10.04.08.jpg
510,18,carapace_top,2025-06-11,2025-06-11 10.12.48.jpg
511,18,carapace_left,2025-06-11,2025-06-11 10.12.13.jpg
512,18,carapace_right,2025-06-11,2025-06-11 10.12.31.jpg
513,18,plastron,2025-06-11,2025-06-11 10.13.05.jpg
514,18,site_view,2025-06-11,2025-06-11 10.13.32.jpg
515,18,site_view,2025-06-11,2025-06-11 10.13.33.jpg
516,1,carapace_top,2025-05-20,2025-05-20 09.39.44.jpg
517,1,carapace_left,2025-05-20,2025-05-20 09.40.01.jpg
518,1,carapace_right,2025-05-20,2025-05-20 09.40.14.jpg
519,18,carapace_top,2025-07-11,2025-07-11 09.12.13.jpg
520,18,carapace_left,2025-06-12,2025-06-12 14.58.58.jpg
521,18,carapace_right,2025-06-12,2025-06-12 14.59.31.jpg
522,18,carapace_right,2025-06-12,2025-06-12 14.59.31.jpg
523,18,back,2025-06-12,2025-06-12 14.59.51.jpg
524,18,site_view,2025-06-12,2025-06-12 15.00.17.jpg
525,31,carapace_top,2025-06-10,2025-06-10 07.08.47.jpg
526,31,carapace_left,2025-06-10,2025-06-10 07.08.32.jpg
527,31,carapace_right,,EBT_Right.jpg
528,31,site_view,2025-06-10,2025-06-10 07.09.05.jpg
529,37,carapace_top,2025-06-10,2025-06-10 19.24.23.jpg
530,37,carapace_left,2025-06-11,2025-06-11 12.13.51.jpg
531,37,carapace_right,2025-06-11,2025-06-11 12.13.36.jpg
532,37,site_view,2025-06-10,2025-06-10 19.25.02.jpg
533,37,site_view,2025-06-10,2025-06-10 19.25.05.jpg
534,5,carapace_top,2025-06-16,2025-06-16 07.41.15.jpg
535,5,carapace_left,2025-06-16,2025-06-16 07.40.48.jpg
536,5,carapace_right,2025-06-16,2025-06-16 07.41.01.jpg
537,5,back,2025-06-16,2025-06-16 07.41.31.jpg
538,32,carapace_top,2025-06-16,2025-06-16 21.30.24.jpg
539,32,carapace_left,2025-06-16,2025-06-16 21.29.38.jpg
540,32,carapace_right,2025-06-16,2025-06-16 21.30.02.jpg
541,7,carapace_top,2025-07-14,2025-07-14 11.47.58.jpg
542,7,carapace_left,2025-06-10,2025-06-10 07.21.06.jpg
543,7,carapace_right,,EBT_Right.jpg
544,7,site_view,2025-06-10,2025-06-10 07.21.26.jpg
545,18,carapace_top,2025-07-14,2025-07-14 11.24.24.jpg
546,18,carapace_left,2025-06-11,2025-06-11 12.09.48.jpg
547,18,carapace_right,,EBT_Right.jpg
548,18,site_view,2025-06-10,2025-06-10 07.28.14.jpg
549,38,carapace_top,2025-06-17,2025-06-17 07.38.10.jpg
550,38,carapace_left,2025-06-17,2025-06-17 07.37.50.jpg
551,38,carapace_right,2025-06-17,2025-06-17 07.37.56.jpg
552,38,plastron,2025-06-17,2025-06-17 07.38.14.jpg
553,2,carapace_top,2025-07-14,2025-07-14 11.17.35.jpg
554,2,carapace_left,2025-06-22,2025-06-22 08.21.16.jpg
555,2,carapace_right,2025-06-22,2025-06-22 08.21.22.jpg
556,37,carapace_top,2025-06-01,2025-06-01 06.52.11.jpg
557,37,carapace_left,2025-06-01,2025-06-01 06.51.47.jpg
558,37,carapace_right,2025-06-01,2025-06-01 06.51.58.jpg
559,37,plastron,2025-06-01,2025-06-01 06.52.21.jpg
560,37,front,2025-06-01,2025-06-01 06.53.03.jpg
561,4,carapace_top,2025-06-01,2025-06-01 06.40.57.jpg
562,4,carapace_left,2025-06-01,2025-06-01 06.41.16.jpg
563,4,carapace_right,2025-06-01,2025-06-01 06.41.26.jpg
564,3,carapace_top,2025-06-07,2025-06-07 13.04.45.jpg
565,3,carapace_left,2025-06-07,2025-06-07 13.04.13.jpg
566,3,carapace_right,2025-06-07,2025-06-07 13.04.22.jpg
567,3,site_view,2025-06-07,2025-06-07 13.05.13.jpg
568,3,site_view,2025-06-07,2025-06-07 13.05.21.jpg
569,31,carapace_top,2025-07-14,2025-07-14 11.49.03.jpg
570,31,carapace_left,2025-06-11,2025-06-11 12.10.04.jpg
571,31,carapace_right,,EBT_Right.jpg
572,31,site_view,2025-06-10,2025-06-10 07.19.48.jpg
573,5,carapace_top,2025-06-16,2025-06-16 21.28.27.jpg
574,5,carapace_left,2025-06-16,2025-06-16 21.27.45.jpg
575,5,carapace_right,2025-06-16,2025-06-16 21.28.03.jpg
576,18,carapace_top,2025-05-20,2025-05-20 09.45.33.jpg
577,18,carapace_left,2025-05-20,2025-05-20 09.44.18.jpg
578,18,carapace_right,2025-05-20,2025-05-20 09.44.27.jpg
579,18,front,2025-05-20,2025-05-20 09.44.36.jpg
580,19,carapace_top,2025-06-16,2025-06-16 07.30.35.jpg
581,19,carapace_left,2025-06-16,2025-06-16 07.30.11.jpg
582,19,carapace_right,2025-06-16,2025-06-16 07.30.24.jpg
583,32,carapace_top,2025-06-17,2025-06-17 08.43.00.jpg
584,32,carapace_left,2025-06-17,2025-06-17 08.42.34.jpg
585,32,carapace_right,2025-06-17,2025-06-17 08.42.43.jpg
586,32,site_view,2025-06-17,2025-06-17 08.43.41.jpg
587,32,site_view,2025-06-17,2025-06-17 08.43.41.jpg
588,18,carapace_top,2025-07-11,2025-07-11 09.11.34.jpg
589,18,carapace_left,2025-06-12,2025-06-12 16.28.03.jpg
590,18,carapace_right,2025-06-11,2025-06-11 12.13.36.jpg
591,18,site_view,2025-06-12,2025-06-12 16.28.24.jpg
592,18,site_view,2025-06-12,2025-06-12 16.28.24.jpg
593,3,carapace_top,2025-07-07,2025-07-07 08.06.26.jpg
594,3,carapace_left,2025-07-07,2025-07-07 08.06.17.jpg
595,3,carapace_right,2025-07-07,2025-07-07 08.06.23.jpg
596,3,site_view,2025-07-09,2025-07-09 22.24.51.jpg
597,1,carapace_top,2025-07-14,2025-07-14 11.50.20.jpg
598,1,carapace_left,2025-06-11,2025-06-11 12.10.21.jpg
599,1,carapace_right,,EBT_Right.jpg
600,1,site_view,2025-06-10,2025-06-10 07.16.50.jpg
601,1,carapace_top,2025-06-16,2025-06-16 12.33.51.jpg
602,1,carapace_left,2025-06-16,2025-06-16 12.33.41.jpg
603,1,carapace_right,2025-06-16,2025-06-16 12.33.46.jpg
604,1,site_view,2025-06-16,2025-06-16 12.33.59.jpg
605,1,site_view,2025-06-16,2025-06-16 12.34.02.jpg
606,12,carapace_top,2025-06-03,2025-06-03 07.02.40.jpg
607,12,carapace_left,2025-06-03,2025-06-03 07.02.28.jpg
608,12,carapace_right,2025-06-03,2025-06-03 07.02.17.jpg
609,12,site_view,2025-06-03,2025-06-03 07.02.56.jpg
610,31,carapace_top,2025-06-09,2025-06-09 22.24.03.jpg
611,31,carapace_left,2025-06-09,2025-06-09 22.23.07.jpg
612,31,carapace_right,2025-06-09,2025-06-09 22.23.14.jpg
613,31,front,2025-06-09,2025-06-09 22.24.39.jpg
614,31,site_view,2025-06-09,2025-06-09 22.24.59.jpg
615,24,carapace_top,2025-05-31,2025-05-31 10.44.26.jpg
616,24,carapace_left,2025-05-31,2025-05-31 10.44.41.jpg
617,24,carapace_right,2025-06-11,2025-06-11 12.13.36.jpg
618,14,carapace_top,2025-07-14,2025-07-14 11.17.59.jpg
619,14,carapace_left,2025-06-22,2025-06-22 08.18.09.jpg
620,14,carapace_right,2025-06-22,2025-06-22 08.18.14.jpg
621,14,site_view,2025-06-22,2025-06-22 08.19.00.jpg
622,14,site_view,2025-06-22,2025-06-22 08.19.00.jpg
623,14,site_view,2025-06-22,2025-06-22 08.19.01.jpg
624,24,carapace_top,2025-06-11,2025-06-11 07.19.27.jpg
625,24,carapace_left,2025-06-11,2025-06-11 07.19.01.jpg
626,24,carapace_right,2025-06-11,2025-06-11 07.19.12.jpg
627,24,front,2025-06-11,2025-06-11 07.19.30.jpg
628,24,back,2025-06-11,2025-06-11 07.19.41.jpg
629,22,carapace_top,2025-07-11,2025-07-11 09.11.47.jpg
630,22,carapace_left,2025-06-12,2025-06-12 16.25.59.jpg
631,22,carapace_right,2025-06-12,2025-06-12 16.26.14.jpg
632,22,site_view,2025-06-12,2025-06-12 16.26.58.jpg
633,22,site_view,2025-06-12,2025-06-12 16.26.59.jpg
634,29,carapace_top,2025-05-20,2025-05-20 09.52.28.jpg
635,29,carapace_left,2025-05-20,2025-05-20 09.52.43.jpg
636,29,carapace_right,2025-05-20,2025-05-20 09.52.54.jpg
637,29,front,2025-05-20,2025-05-20 09.53.04.jpg
638,7,carapace_top,2025-06-03,2025-06-03 06.39.52.jpg
639,7,carapace_left,2025-06-03,2025-06-03 06.40.42.jpg
640,7,carapace_right,2025-06-03,2025-06-03 06.40.09.jpg
641,7,plastron,2025-06-03,2025-06-03 06.42.02.jpg
642,3,carapace_top,2025-07-14,2025-07-14 11.17.16.jpg
643,3,carapace_left,2025-07-07,2025-07-07 18.04.57.jpg
644,3,carapace_right,,EBT_Right.jpg
645,14,carapace_top,2025-06-07,2025-06-07 13.10.35.jpg
646,14,carapace_left,2025-06-07,2025-06-07 13.10.11.jpg
647,14,carapace_right,2025-06-07,2025-06-07 13.10.22.jpg
648,14,plastron,2025-06-07,2025-06-07 13.10.51.jpg
649,15,carapace_top,2025-06-01,2025-06-01 09.01.32.jpg
650,15,carapace_left,2025-06-01,2025-06-01 09.00.03.jpg
651,15,carapace_right,2025-06-01,2025-06-01 09.00.21.jpg
652,15,plastron,2025-06-01,2025-06-01 09.01.45.jpg
653,8,carapace_top,2025-06-11,2025-06-11 10.04.08.jpg
654,8,carapace_left,2025-06-11,2025-06-11 10.03.38.jpg
655,8,carapace_right,2025-06-11,2025-06-11 10.03.54.jpg
656,8,plastron,2025-06-11,2025-06-11 10.04.22.jpg
657,8,front,2025-06-11,2025-06-11 10.04.43.jpg
658,14,carapace_top,2025-06-10,2025-06-10 15.57.45.jpg
659,14,carapace_left,2025-06-10,2025-06-10 15.57.12.jpg
660,14,carapace_right,2025-06-10,2025-06-10 15.57.31.jpg
661,14,front,2025-06-10,2025-06-10 15.58.00.jpg
662,7,carapace_top,2025-06-08,2025-06-08 07.15.14.jpg
663,7,carapace_left,2025-06-11,2025-06-11 12.11.16.jpg
664,7,carapace_right,2025-06-08,2025-06-08 07.15.12.jpg
665,37,carapace_top,2025-07-11,2025-07-11 09.10.03.jpg
666,37,carapace_left,2025-06-10,2025-06-10 17.24.17.jpg
667,37,carapace_right,2025-06-10,2025-06-10 17.24.32.jpg
668,37,site_view,2025-06-10,2025-06-10 17.24.54.jpg
669,1,carapace_top,2025-06-01,2025-06-01 08.33.17.jpg
670,1,carapace_left,2025-06-01,2025-06-01 08.33.05.jpg
671,1,carapace_right,2025-06-01,2025-06-01 08.33.04.jpg
672,1,plastron,2025-06-01,2025-06-01 08.33.24.jpg
673,7,carapace_top,2025-06-01,2025-06-01 22.26.12.jpg
674,7,carapace_left,2025-06-01,2025-06-01 22.25.57.jpg
675,7,carapace_right,2025-06-01,2025-06-01 22.26.40.jpg
676,7,site_view,2025-06-01,2025-06-01 22.26.38.jpg
677,8,carapace_top,2025-06-11,2025-06-11 07.17.56.jpg
678,8,carapace_left,2025-06-11,2025-06-11 07.17.33.jpg
679,8,carapace_right,2025-06-11,2025-06-11 07.17.47.jpg
680,8,front,2025-06-11,2025-06-11 07.18.07.jpg
681,8,back,2025-06-11,2025-06-11 07.18.12.jpg
682,22,carapace_top,2025-06-16,2025-06-16 21.42.21.jpg
683,22,carapace_left,2025-06-16,2025-06-16 21.41.52.jpg
684,22,carapace_right,2025-06-16,2025-06-16 21.42.05.jpg
685,22,site_view,2025-06-16,2025-06-16 21.42.42.jpg
686,22,site_view,2025-06-16,2025-06-16 21.42.42.jpg
687,31,carapace_top,2025-06-03,2025-06-03 21.42.52.jpg
688,31,carapace_left,2025-06-03,2025-06-03 21.42.24.jpg
689,31,carapace_right,2025-06-03,2025-06-03 21.42.39.jpg
690,31,front,2025-06-03,2025-06-03 21.43.06.jpg
691,24,carapace_top,2025-06-05,2025-06-05 06.31.17.jpg
692,24,carapace_left,2025-06-05,2025-06-05 06.30.32.jpg
693,24,carapace_right,2025-06-05,2025-06-05 06.30.52.jpg
694,24,site_view,2025-06-05,2025-06-05 06.31.35.jpg
695,13,carapace_top,2025-06-03,2025-06-03 06.56.38.jpg
696,13,carapace_left,2025-06-03,2025-06-03 06.57.07.jpg
697,13,carapace_right,2025-06-03,2025-06-03 06.56.51.jpg
698,13,plastron,2025-06-03,2025-06-03 06.57.25.jpg
699,17,carapace_top,2025-06-10,2025-06-10 07.06.20.jpg
700,17,carapace_left,2025-06-10,2025-06-10 07.06.03.jpg
701,17,carapace_right,2025-06-10,2025-06-10 07.06.10.jpg
702,17,back,2025-06-10,2025-06-10 07.06.32.jpg
703,17,site_view,2025-06-10,2025-06-10 07.07.18.jpg
704,17,site_view,2025-06-10,2025-06-10 07.07.20.jpg
705,32,carapace_top,2025-07-11,2025-07-11 09.20.52.jpg
706,32,carapace_left,2025-06-16,2025-06-16 21.10.14.jpg
707,32,carapace_right,2025-06-11,2025-06-11 12.13.36.jpg
708,31,carapace_top,2025-06-08,2025-06-08 07.25.11.jpg
709,31,carapace_left,2025-06-08,2025-06-08 07.24.53.jpg
710,31,carapace_right,2025-06-08,2025-06-08 07.25.01.jpg
711,31,front,2025-06-08,2025-06-08 07.25.18.jpg
712,31,back,2025-06-08,2025-06-08 07.25.25.jpg
713,31,site_view,2025-06-08,2025-06-08 07.25.54.jpg
714,2,carapace_top,2025-06-03,2025-06-03 21.41.37.jpg
715,2,carapace_left,2025-06-03,2025-06-03 21.41.10.jpg
716,2,carapace_right,2025-06-03,2025-06-03 21.41.26.jpg
717,31,carapace_top,2025-07-11,2025-07-11 09.21.15.jpg
718,31,carapace_left,2025-06-16,2025-06-16 21.31.19.jpg
719,31,carapace_right,2025-06-16,2025-06-16 21.31.38.jpg
720,31,front,2025-06-16,2025-06-16 21.31.59.jpg
721,31,site_view,2025-06-16,2025-06-16 21.32.17.jpg
722,32,carapace_top,2025-06-16,2025-06-16 21.19.04.jpg
723,32,carapace_left,2025-06-16,2025-06-16 21.17.30.jpg
724,32,carapace_right,2025-06-16,2025-06-16 21.18.04.jpg
725,1,carapace_top,2025-06-05,2025-06-05 06.21.13.jpg
726,1,carapace_left,2025-06-05,2025-06-05 06.20.33.jpg
727,1,carapace_right,2025-06-05,2025-06-05 06.20.50.jpg
728,2,carapace_top,2025-07-11,2025-07-11 09.13.51.jpg
729,2,carapace_left,,eastern_box_turtle_hi copy.jpg
730,2,carapace_right,2025-06-11,2025-06-11 07.53.09.jpg
731,2,back,2025-06-11,2025-06-11 07.53.23.jpg
732,2,site_view,2025-06-11,2025-06-11 07.54.07.jpg
733,2,site_view,2025-06-11,2025-06-11 07.54.10.jpg
734,2,site_view,2025-06-11,2025-06-11 07.54.11.jpg
735,2,site_view,2025-06-11,2025-06-11 07.54.11.jpg
736,2,site_view,2025-06-11,2025-06-11 07.54.12.jpg
737,30,carapace_top,2025-06-15,2025-06-15 21.06.00.jpg
738,30,carapace_left,2025-06-15,2025-06-15 21.05.27.jpg
739,30,carapace_right,2025-06-15,2025-06-15 21.05.45.jpg
740,30,back,2025-06-15,2025-06-15 21.06.11.jpg
741,30,site_view,2025-06-15,2025-06-15 21.06.54.jpg
742,7,carapace_top,2025-05-31,2025-05-31 14.38.50.jpg
743,7,carapace_left,2025-05-31,2025-05-31 14.38.39.jpg
744,7,carapace_right,2025-05-31,2025-05-31 14.38.45.jpg
745,7,carapace_right,2025-05-31,2025-05-31 14.38.50.jpg
746,7,plastron,2025-05-31,2025-05-31 14.38.54.jpg
747,32,carapace_top,2025-06-16,2025-06-16 21.09.18.jpg
748,32,carapace_left,2025-06-16,2025-06-16 21.08.22.jpg
749,32,carapace_right,2025-06-16,2025-06-16 21.08.52.jpg
750,14,carapace_top,2025-06-22,2025-06-22 07.28.02.jpg
751,14,carapace_left,2025-06-22,2025-06-22 07.27.35.jpg
752,14,carapace_right,2025-06-22,2025-06-22 07.27.50.jpg
753,14,site_view,2025-06-22,2025-06-22 07.28.28.jpg
754,1,carapace_top,2025-06-19,2025-06-19 21.35.31.jpg
755,1,carapace_left,2025-06-19,2025-06-19 21.35.13.jpg
756,1,carapace_right,2025-06-19,2025-06-19 21.35.20.jpg
757,1,site_view,2025-06-19,2025-06-19 21.35.55.jpg
758,1,site_view,2025-06-19,2025-06-19 21.35.58.jpg
759,22,carapace_top,2025-06-12,2025-06-12 14.39.37.jpg
760,22,carapace_left,2025-06-12,2025-06-12 14.39.01.jpg
761,22,carapace_right,2025-06-12,2025-06-12 14.39.22.jpg
762,22,plastron,2025-06-12,2025-06-12 14.39.57.jpg
763,22,site_view,2025-06-12,2025-06-12 14.40.16.jpg
764,22,site_view,2025-06-12,2025-06-12 14.40.17.jpg
765,17,carapace_top,2025-06-17,2025-06-17 07.34.09.jpg
766,17,carapace_left,2025-06-17,2025-06-17 07.34.19.jpg
767,3,carapace_top,2025-06-16,2025-06-16 06.42.33.jpg
768,3,carapace_left,2025-06-16,2025-06-16 06.42.02.jpg
769,3,carapace_right,2025-06-16,2025-06-16 06.42.19.jpg
770,3,back,2025-06-16,2025-06-16 06.42.45.jpg
771,24,carapace_top,2025-06-01,2025-06-01 06.39.39.jpg
772,24,carapace_left,2025-06-01,2025-06-01 06.39.54.jpg
773,24,carapace_right,2025-06-01,2025-06-01 06.40.07.jpg
774,18,carapace_top,2025-07-11,2025-07-11 09.12.25.jpg
775,18,carapace_left,2025-06-12,2025-06-12 14.41.59.jpg
776,18,carapace_right,2025-06-12,2025-06-12 14.42.24.jpg
777,18,site_view,2025-06-12,2025-06-12 14.42.47.jpg
778,18,site_view,2025-06-12,2025-06-12 14.42.47.jpg
779,37,carapace_top,2025-06-05,2025-06-05 06.23.25.jpg
780,37,carapace_left,2025-06-05,2025-06-05 06.22.47.jpg
781,37,carapace_right,2025-06-05,2025-06-05 06.23.09.jpg
782,16,carapace_top,2025-06-11,2025-06-11 10.45.08.jpg
783,16,carapace_left,2025-06-11,2025-06-11 10.44.33.jpg
784,16,carapace_right,2025-06-11,2025-06-11 10.44.46.jpg
785,16,plastron,2025-06-11,2025-06-11 10.45.31.jpg
786,16,site_view,2025-06-11,2025-06-11 10.46.21.jpg
787,16,site_view,2025-06-11,2025-06-11 10.46.22.jpg
788,6,carapace_top,2025-06-16,2025-06-16 21.40.15.jpg
789,6,carapace_left,2025-06-16,2025-06-16 21.39.38.jpg
790,6,carapace_right,2025-06-16,2025-06-16 21.39.58.jpg
791,31,carapace_top,2025-05-20,2025-05-20 09.59.57.jpg
792,31,carapace_left,2025-05-20,2025-05-20 10.00.11.jpg
793,31,carapace_right,2025-05-20,2025-05-20 10.00.38.jpg
794,18,carapace_top,2025-06-11,2025-06-11 22.04.45.jpg
795,18,carapace_left,2025-06-11,2025-06-11 22.04.04.jpg
796,18,carapace_right,2025-06-11,2025-06-11 22.04.23.jpg
797,18,site_view,2025-06-11,2025-06-11 22.05.16.jpg
798,18,site_view,2025-06-11,2025-06-11 22.05.16.jpg
799,32,carapace_top,2025-07-14,2025-07-14 10.03.53.jpg
800,32,carapace_left,2025-06-17,2025-06-17 07.34.53.jpg
801,32,carapace_right,2025-06-17,2025-06-17 07.35.00.jpg
802,25,carapace_top,2025-05-20,2025-05-20 09.42.58.jpg
803,25,carapace_left,2025-06-15,2025-06-15 08.10.55.jpg
804,25,carapace_right,,EBT_Right.jpg
805,24,carapace_top,2025-06-10,2025-06-10 20.06.18.jpg
806,24,carapace_top,2025-06-10,2025-06-10 20.06.22.jpg
807,24,carapace_left,2025-06-10,2025-06-10 20.05.52.jpg
808,24,carapace_left,2025-06-10,2025-06-10 20.07.19.jpg
809,24,carapace_right,2025-06-11,2025-06-11 12.13.36.jpg
810,24,front,2025-06-10,2025-06-10 20.06.33.jpg
811,31,carapace_top,2025-06-16,2025-06-16 06.56.36.jpg
812,31,carapace_left,2025-06-16,2025-06-16 06.55.55.jpg
813,31,carapace_right,2025-06-16,2025-06-16 06.56.14.jpg
814,31,front,2025-06-16,2025-06-16 06.56.46.jpg
815,14,carapace_top,2025-06-08,2025-06-08 07.19.01.jpg
816,14,carapace_left,2025-06-11,2025-06-11 12.11.30.jpg
817,14,carapace_right,2025-06-08,2025-06-08 07.18.54.jpg
818,14,site_view,2025-06-08,2025-06-08 07.19.14.jpg
819,32,carapace_top,2025-06-12,2025-06-12 07.24.00.jpg
820,32,carapace_left,2025-06-12,2025-06-12 07.23.20.jpg
821,32,carapace_right,2025-06-12,2025-06-12 07.23.39.jpg
822,32,site_view,2025-06-12,2025-06-12 07.24.35.jpg
823,32,site_view,2025-06-12,2025-06-12 07.24.35.jpg
824,36,carapace_top,2025-06-11,2025-06-11 07.22.03.jpg
825,36,carapace_left,2025-06-11,2025-06-11 07.21.43.jpg
826,36,carapace_right,2025-06-11,2025-06-11 07.21.51.jpg
827,36,plastron,2025-06-11,2025-06-11 07.49.57.jpg
828,36,front,2025-06-11,2025-06-11 07.50.07.jpg
829,16,carapace_top,2025-06-11,2025-06-11 10.16.51.jpg
830,16,carapace_left,2025-06-11,2025-06-11 10.15.39.jpg
831,16,carapace_right,2025-06-11,2025-06-11 10.16.30.jpg
832,16,plastron,2025-06-11,2025-06-11 10.17.16.jpg
833,16,site_view,2025-06-11,2025-06-11 10.18.08.jpg
834,24,carapace_top,2025-06-19,2025-06-19 17.59.54.jpg
835,24,carapace_left,2025-06-19,2025-06-19 17.59.39.jpg
836,24,carapace_right,2025-06-19,2025-06-19 17.59.47.jpg
837,24,plastron,2025-06-19,2025-06-19 18.00.12.jpg
838,24,front,2025-06-19,2025-06-19 18.00.29.jpg
839,24,back,2025-06-19,2025-06-19 18.00.40.jpg
840,24,site_view,2025-06-19,2025-06-19 18.02.53.jpg
841,18,carapace_top,2025-06-12,2025-06-12 12.14.37.jpg
842,18,carapace_left,2025-06-12,2025-06-12 12.13.58.jpg
843,18,carapace_right,2025-06-12,2025-06-12 12.14.17.jpg
844,18,site_view,2025-06-12,2025-06-12 12.14.51.jpg
845,32,carapace_top,2025-07-11,2025-07-11 09.12.50.jpg
846,32,carapace_left,2025-06-12,2025-06-12 11.11.37.jpg
847,32,carapace_right,2025-06-11,2025-06-11 12.13.36.jpg
848,32,site_view,2025-06-12,2025-06-12 11.11.57.jpg
849,32,site_view,2025-06-12,2025-06-12 11.11.58.jpg
850,24,carapace_top,2025-06-03,2025-06-03 21.39.42.jpg
851,24,carapace_left,2025-06-03,2025-06-03 21.39.31.jpg
852,24,carapace_right,2025-06-03,2025-06-03 21.39.18.jpg
853,24,back,2025-06-03,2025-06-03 21.39.55.jpg
854,31,carapace_top,2025-06-11,2025-06-11 07.58.58.jpg
855,31,carapace_left,2025-06-11,2025-06-11 07.58.31.jpg
856,31,carapace_right,2025-06-11,2025-06-11 07.58.43.jpg
857,31,front,2025-06-11,2025-06-11 07.59.15.jpg
858,31,back,2025-06-11,2025-06-11 07.59.42.jpg
859,31,site_view,2025-06-11,2025-06-11 07.59.54.jpg
860,22,carapace_top,2025-06-16,2025-06-16 21.25.47.jpg
861,22,carapace_left,2025-06-16,2025-06-16 21.25.28.jpg
862,22,carapace_right,2025-06-11,2025-06-11 12.13.36.jpg
863,7,carapace_top,2025-06-11,2025-06-11 08.04.14.jpg
864,7,carapace_left,2025-06-11,2025-06-11 08.03.39.jpg
865,7,carapace_right,2025-06-11,2025-06-11 08.03.59.jpg
866,7,plastron,2025-06-11,2025-06-11 08.04.32.jpg
867,7,site_view,2025-06-11,2025-06-11 08.04.51.jpg
868,7,site_view,2025-06-11,2025-06-11 08.04.52.jpg
869,24,carapace_top,2025-06-16,2025-06-16 06.51.08.jpg
870,24,carapace_left,2025-06-16,2025-06-16 06.50.38.jpg
871,24,carapace_right,2025-06-16,2025-06-16 06.50.55.jpg
872,24,front,2025-06-16,2025-06-16 06.51.26.jpg
873,24,site_view,2025-06-16,2025-06-16 06.51.45.jpg
874,24,carapace_top,2025-07-11,2025-07-11 09.13.04.jpg
875,24,carapace_left,2025-06-11,2025-06-11 17.14.04.jpg
876,24,carapace_right,2025-06-11,2025-06-11 12.13.36.jpg
877,24,site_view,2025-06-11,2025-06-11 17.14.20.jpg
878,31,carapace_top,2025-07-11,2025-07-11 09.13.38.jpg
879,31,carapace_left,2025-06-11,2025-06-11 08.01.03.jpg
880,31,carapace_right,2025-06-11,2025-06-11 12.13.36.jpg
881,31,site_view,2025-06-11,2025-06-11 08.01.20.jpg
882,31,site_view,2025-06-11,2025-06-11 08.01.22.jpg
883,24,carapace_top,2025-06-11,2025-06-11 10.39.41.jpg
884,24,carapace_left,,eastern_box_turtle_hi copy.jpg
885,24,carapace_right,2025-06-11,2025-06-11 10.39.19.jpg
886,24,plastron,2025-06-11,2025-06-11 10.39.56.jpg
887,24,site_view,2025-06-11,2025-06-11 10.40.22.jpg
888,2,carapace_top,2025-06-22,2025-06-22 07.30.35.jpg
889,2,carapace_left,2025-06-22,2025-06-22 07.30.10.jpg
890,2,carapace_right,2025-06-22,2025-06-22 07.30.18.jpg
891,2,site_view,2025-06-22,2025-06-22 07.30.57.jpg
892,14,carapace_top,2025-06-05,2025-06-05 06.54.52.jpg
893,14,carapace_left,2025-06-05,2025-06-05 06.54.12.jpg
894,14,carapace_right,2025-06-05,2025-06-05 06.54.28.jpg
895,14,front,2025-06-05,2025-06-05 06.55.17.jpg
896,37,carapace_top,2025-06-10,2025-06-10 19.33.20.jpg
897,37,carapace_left,2025-06-11,2025-06-11 12.13.36.jpg
898,37,carapace_right,2025-06-11,2025-06-11 12.13.36.jpg
899,37,site_view,2025-06-10,2025-06-10 19.34.06.jpg
900,37,site_view,2025-06-10,2025-06-10 19.34.07.jpg
901,12,carapace_top,2025-06-03,2025-06-03 06.59.12.jpg
902,12,carapace_left,2025-06-11,2025-06-11 12.14.47.jpg
903,12,carapace_right,2025-06-11,2025-06-11 12.13.36.jpg
904,3,carapace_top,2025-05-31,2025-05-31 11.48.32.jpg
905,3,carapace_left,2025-05-31,2025-05-31 11.48.28.jpg
906,3,carapace_right,2025-05-31,2025-05-31 11.48.28.jpg
907,3,plastron,2025-05-31,2025-05-31 11.48.36.jpg
908,3,site_view,2025-05-31,2025-05-31 11.48.57.jpg
909,3,site_view,2025-05-31,2025-05-31 11.49.01.jpg
910,33,carapace_top,2025-05-30,2025-05-30 10.31.30.jpg
911,33,carapace_left,2025-05-30,2025-05-30 10.31.38.jpg
912,33,carapace_right,2025-05-30,2025-05-30 10.31.45.jpg
913,33,plastron,2025-05-30,2025-05-30 10.31.51.jpg
914,33,front,2025-05-30,2025-05-30 10.32.04.jpg
915,37,carapace_top,2025-06-17,2025-06-17 08.41.44.jpg
916,37,carapace_left,2025-06-17,2025-06-17 08.41.25.jpg
917,37,carapace_right,2025-06-17,2025-06-17 08.41.33.jpg
918,37,site_view,2025-06-17,2025-06-17 08.42.05.jpg
919,37,site_view,2025-06-17,2025-06-17 08.42.06.jpg
920,37,site_view,2025-06-17,2025-06-17 08.42.06.jpg
921,14,carapace_top,2025-06-10,2025-06-10 17.26.25.jpg
922,14,carapace_left,2025-06-10,2025-06-10 17.25.52.jpg
923,14,carapace_right,2025-06-10,2025-06-10 17.26.10.jpg
924,14,site_view,2025-06-10,2025-06-10 17.26.42.jpg
925,32,carapace_top,2025-06-12,2025-06-12 12.12.32.jpg
926,32,carapace_left,2025-06-12,2025-06-12 12.11.56.jpg
927,32,carapace_right,2025-06-12,2025-06-12 12.12.14.jpg
928,32,front,2025-06-12,2025-06-12 12.12.53.jpg
929,32,site_view,2025-06-12,2025-06-12 12.13.16.jpg
930,32,site_view,2025-06-12,2025-06-12 12.13.18.jpg
931,9,carapace_top,2025-06-03,2025-06-03 06.47.29.jpg
932,9,carapace_left,2025-06-03,2025-06-03 06.46.47.jpg
933,9,carapace_right,2025-06-03,2025-06-03 06.47.10.jpg
934,9,plastron,2025-06-03,2025-06-03 06.47.58.jpg
935,22,carapace_top,2025-06-11,2025-06-11 09.25.20.jpg
936,22,carapace_left,2025-06-11,2025-06-11 09.24.43.jpg
937,22,carapace_right,2025-06-11,2025-06-11 09.24.57.jpg
938,22,plastron,2025-06-11,2025-06-11 09.25.50.jpg
939,22,front,2025-06-11,2025-06-11 09.26.09.jpg
940,22,back,2025-06-11,2025-06-11 09.26.34.jpg
941,22,site_view,2025-06-11,2025-06-11 09.27.05.jpg
942,22,site_view,2025-06-11,2025-06-11 09.27.06.jpg
943,14,carapace_top,2025-06-05,2025-06-05 06.26.37.jpg
944,14,carapace_left,2025-06-05,2025-06-05 06.26.03.jpg
945,14,carapace_right,2025-06-05,2025-06-05 06.26.19.jpg
946,14,front,2025-06-05,2025-06-05 06.27.01.jpg
947,14,back,2025-06-05,2025-06-05 06.27.09.jpg
948,20,carapace_top,2025-06-11,2025-06-11 07.25.17.jpg
949,20,carapace_left,2025-06-11,2025-06-11 07.24.50.jpg
950,20,carapace_right,2025-06-11,2025-06-11 07.25.07.jpg
951,23,carapace_top,2025-06-12,2025-06-12 16.30.07.jpg
952,23,carapace_left,2025-06-12,2025-06-12 16.29.25.jpg
953,23,carapace_right,2025-06-12,2025-06-12 16.29.45.jpg
954,3,carapace_top,2025-06-05,2025-06-05 12.11.12.jpg
955,3,carapace_left,2025-06-05,2025-06-05 12.10.38.jpg
956,3,carapace_right,2025-06-05,2025-06-05 12.10.55.jpg
957,3,front,2025-06-05,2025-06-05 12.11.55.jpg
958,3,back,2025-06-05,2025-06-05 12.11.59.jpg
959,3,site_view,2025-06-05,2025-06-05 12.12.12.jpg
960,3,site_view,2025-06-10,2025-06-10 14.48.01.jpg
961,3,site_view,2025-06-10,2025-06-10 14.48.03.jpg
962,3,site_view,2025-06-10,2025-06-10 14.48.03.jpg
963,31,carapace_top,2025-06-19,2025-06-19 21.37.31.jpg
964,31,carapace_left,2025-06-19,2025-06-19 21.37.23.jpg
965,31,carapace_right,2025-06-19,2025-06-19 21.37.26.jpg
966,31,site_view,2025-06-19,2025-06-19 21.37.42.jpg
967,34,carapace_top,2025-06-10,2025-06-10 17.31.29.jpg
968,34,carapace_left,2025-06-10,2025-06-10 17.31.03.jpg
969,34,carapace_right,2025-06-10,2025-06-10 17.31.15.jpg
970,34,site_view,2025-06-10,2025-06-10 17.31.50.jpg
971,32,carapace_top,2025-06-18,2025-06-18 21.38.58.jpg
972,32,carapace_left,2025-06-18,2025-06-18 21.38.52.jpg
973,32,carapace_right,,EBT_Right.jpg
974,32,carapace_top,2025-06-22,2025-06-22 07.36.01.jpg
975,32,carapace_left,2025-06-22,2025-06-22 07.35.32.jpg
976,32,carapace_right,2025-06-22,2025-06-22 07.35.49.jpg
977,32,site_view,2025-06-22,2025-06-22 07.36.22.jpg
978,32,site_view,2025-06-22,2025-06-22 07.36.28.jpg
979,23,carapace_top,2025-06-01,2025-06-01 17.00.29.jpg
980,23,carapace_left,2025-06-01,2025-06-01 17.00.05.jpg
981,23,carapace_right,2025-06-01,2025-06-01 17.00.16.jpg
982,14,carapace_top,2025-07-14,2025-07-14 11.19.12.jpg
983,14,carapace_left,2025-06-13,2025-06-13 08.57.53.jpg
984,14,carapace_right,2025-06-13,2025-06-13 08.57.57.jpg
985,14,site_view,2025-06-13,2025-06-13 08.56.31.jpg
986,14,site_view,2025-06-13,2025-06-13 08.56.33.jpg
987,19,carapace_top,2025-06-16,2025-06-16 06.49.07.jpg
988,19,carapace_left,2025-06-16,2025-06-16 06.48.30.jpg
989,19,carapace_right,2025-06-16,2025-06-16 06.48.50.jpg
990,19,plastron,2025-06-16,2025-06-16 06.49.40.jpg
991,3,carapace_top,2025-07-14,2025-07-14 11.52.05.jpg
992,3,carapace_left,2025-06-08,2025-06-08 08.04.16.jpg
993,3,carapace_right,2025-06-08,2025-06-08 08.04.28.jpg
994,3,site_view,2025-06-08,2025-06-08 08.04.46.jpg
995,37,carapace_top,2025-06-10,2025-06-10 16.29.08.jpg
996,37,carapace_left,2025-06-10,2025-06-10 16.28.05.jpg
997,37,carapace_right,2025-06-10,2025-06-10 16.28.48.jpg
998,37,site_view,2025-06-10,2025-06-10 16.31.00.jpg
999,37,site_view,2025-06-10,2025-06-10 16.31.00.jpg
1000,6,carapace_top,2025-06-16,2025-06-16 21.05.44.jpg
1001,6,carapace_left,2025-06-16,2025-06-16 21.04.25.jpg
1002,6,carapace_right,2025-06-16,2025-06-16 21.05.18.jpg
1003,24,carapace_top,2025-05-20,2025-05-20 09.46.38.jpg
1004,24,carapace_left,2025-05-20,2025-05-20 09.51.35.jpg
1005,24,carapace_right,2025-05-20,2025-05-20 09.51.44.jpg
1006,32,carapace_top,2025-07-14,2025-07-14 19.40.55.jpg
1007,32,carapace_left,2025-06-07,2025-06-07 13.07.26.jpg
1008,32,carapace_right,2025-06-07,2025-06-07 13.07.37.jpg
1009,24,carapace_top,2025-06-17,2025-06-17 07.39.34.jpg
1010,24,carapace_left,2025-06-17,2025-06-17 07.39.16.jpg
1011,24,carapace_right,2025-06-17,2025-06-17 07.39.23.jpg
1012,30,carapace_top,2025-06-01,2025-06-01 06.33.03.jpg
1013,30,carapace_left,2025-06-01,2025-06-01 06.33.18.jpg
1014,30,carapace_right,2025-06-01,2025-06-01 06.33.58.jpg
1015,7,carapace_top,2025-06-16,2025-06-16 06.44.07.jpg
1016,7,carapace_left,2025-06-16,2025-06-16 06.43.41.jpg
1017,7,carapace_right,2025-06-16,2025-06-16 06.43.54.jpg
1018,16,carapace_top,2025-06-11,2025-06-11 17.16.23.jpg
1019,16,carapace_left,2025-06-11,2025-06-11 17.15.41.jpg
1020,16,carapace_right,2025-06-11,2025-06-11 17.16.02.jpg
1021,16,site_view,2025-06-11,2025-06-11 17.16.40.jpg
1022,3,carapace_top,2025-06-05,2025-06-05 06.36.38.jpg
1023,3,carapace_left,2025-06-05,2025-06-05 06.35.50.jpg
1024,3,carapace_right,2025-06-05,2025-06-05 06.36.06.jpg
1025,3,back,2025-06-05,2025-06-05 06.36.58.jpg
1026,3,site_view,2025-06-05,2025-06-05 06.37.33.jpg
1027,31,carapace_top,2025-05-20,2025-05-20 10.01.35.jpg
1028,31,carapace_left,2025-05-30,2025-05-30 16.38.05.jpg
1029,31,carapace_right,2025-05-30,2025-05-30 16.38.19.jpg
1030,31,front,2025-05-20,2025-05-20 10.02.37.jpg
1031,26,carapace_top,2025-06-10,2025-06-10 20.09.36.jpg
1032,26,carapace_left,2025-06-10,2025-06-10 20.09.18.jpg
1033,26,carapace_right,2025-06-10,2025-06-10 20.09.26.jpg
1034,26,front,2025-06-10,2025-06-10 20.09.50.jpg
1035,26,back,2025-06-10,2025-06-10 20.09.59.jpg
1036,1,carapace_top,2025-06-16,2025-06-16 21.16.17.jpg
1037,1,carapace_left,2025-06-16,2025-06-16 21.15.07.jpg
1038,1,carapace_right,2025-06-16,2025-06-16 21.15.55.jpg
1039,32,carapace_top,2025-07-11,2025-07-11 09.12.02.jpg
1040,32,carapace_left,2025-06-12,2025-06-12 16.19.09.jpg
1041,32,carapace_right,2025-06-12,2025-06-12 16.19.52.jpg
1042,32,back,2025-06-12,2025-06-12 16.21.17.jpg
1043,32,site_view,2025-06-12,2025-06-12 16.23.20.jpg
1044,32,site_view,2025-06-12,2025-06-12 16.23.26.jpg
1045,31,carapace_top,2025-06-01,2025-06-01 06.44.40.jpg
1046,31,carapace_left,2025-06-01,2025-06-01 06.44.55.jpg
1047,31,carapace_right,2025-06-01,2025-06-01 06.44.33.jpg
1048,31,plastron,2025-06-01,2025-06-01 06.45.05.jpg
1049,1,carapace_top,2025-06-09,2025-06-09 22.28.27.jpg
1050,1,carapace_left,2025-06-09,2025-06-09 22.28.17.jpg
1051,1,carapace_right,,EBT_Right.jpg
1052,1,site_view,2025-06-09,2025-06-09 22.29.56.jpg
1053,1,site_view,2025-06-09,2025-06-09 22.29.58.jpg
1054,6,carapace_top,2025-07-11,2025-07-11 09.12.39.jpg
1055,6,carapace_left,2025-06-12,2025-06-12 11.08.22.jpg
1056,6,carapace_right,2025-06-12,2025-06-12 11.08.38.jpg
1057,6,back,2025-06-12,2025-06-12 11.08.57.jpg
1058,6,site_view,2025-06-12,2025-06-12 11.09.18.jpg
1059,32,carapace_top,2025-07-14,2025-07-14 11.51.05.jpg
1060,32,carapace_left,2025-06-11,2025-06-11 12.11.00.jpg
1061,32,carapace_right,,EBT_Right.jpg
1062,32,site_view,2025-06-08,2025-06-08 07.04.46.jpg
1063,10,carapace_top,2025-06-16,2025-06-16 12.35.02.jpg
1064,10,carapace_left,2025-06-16,2025-06-16 12.34.52.jpg
1065,10,carapace_right,2025-06-16,2025-06-16 12.34.57.jpg
1066,10,site_view,2025-06-16,2025-06-16 12.35.19.jpg
1067,31,carapace_top,2025-07-14,2025-07-14 10.03.37.jpg
1068,31,carapace_left,2025-06-17,2025-06-17 07.37.08.jpg
1069,31,carapace_right,2025-06-17,2025-06-17 07.37.18.jpg
1070,3,carapace_top,2025-06-06,2025-06-06 17.12.12.jpg
1071,3,carapace_left,2025-06-06,2025-06-06 17.12.05.jpg
1072,3,carapace_right,2025-06-06,2025-06-06 17.12.09.jpg
1073,3,front,2025-06-06,2025-06-06 17.12.20.jpg
1074,3,back,2025-06-06,2025-06-06 17.12.26.jpg
1075,3,site_view,2025-06-06,2025-06-06 17.12.37.jpg
1076,3,site_view,2025-06-06,2025-06-06 17.12.42.jpg
1077,24,carapace_top,2025-06-16,2025-06-16 06.47.01.jpg
1078,24,carapace_left,2025-06-16,2025-06-16 06.47.20.jpg
1079,24,carapace_right,2025-06-11,2025-06-11 12.13.36.jpg
1080,31,carapace_top,2025-06-15,2025-06-15 11.54.19.jpg
1081,31,carapace_left,2025-06-15,2025-06-15 11.53.47.jpg
1082,31,carapace_right,2025-06-15,2025-06-15 11.54.01.jpg
1083,31,front,2025-06-15,2025-06-15 11.54.43.jpg
1084,31,back,2025-06-15,2025-06-15 11.54.59.jpg
1085,31,carapace_top,2025-07-14,2025-07-14 11.52.37.jpg
1086,31,carapace_left,2025-05-30,2025-05-30 16.37.27.jpg
1087,31,carapace_right,,EBT_Right.jpg
1088,31,site_view,2025-05-20,2025-05-20 10.03.25.jpg
1089,1,carapace_top,2025-07-14,2025-07-14 11.18.50.jpg
1090,1,carapace_left,2025-06-17,2025-06-17 08.49.39.jpg
1091,1,carapace_right,,EBT_Right.jpg
1092,1,site_view,2025-06-17,2025-06-17 08.49.52.jpg
1093,39,carapace_top,2025-06-17,2025-06-17 08.40.49.jpg
1094,39,carapace_left,2025-06-17,2025-06-17 08.40.34.jpg
1095,39,carapace_right,2025-06-17,2025-06-17 08.40.43.jpg
1096,27,carapace_top,2025-07-14,2025-07-14 10.53.34.jpg
1097,27,carapace_left,2025-06-01,2025-06-01 06.56.54.jpg
1098,27,carapace_right,2025-06-01,2025-06-01 06.57.10.jpg
1099,31,carapace_top,2025-06-11,2025-06-11 17.23.39.jpg
1100,31,carapace_left,2025-06-11,2025-06-11 17.24.15.jpg
1101,31,carapace_right,2025-06-11,2025-06-11 17.23.06.jpg
1102,10,carapace_top,2025-06-17,2025-06-17 08.48.50.jpg
1103,10,carapace_left,2025-06-17,2025-06-17 08.48.38.jpg
1104,10,carapace_right,2025-06-17,2025-06-17 08.48.44.jpg
1105,10,plastron,2025-06-17,2025-06-17 08.49.02.jpg
1106,10,front,2025-06-17,2025-06-17 08.49.06.jpg
1107,10,back,2025-06-17,2025-06-17 08.49.11.jpg
1108,10,site_view,2025-06-17,2025-06-17 08.49.22.jpg
1109,11,carapace_top,2025-06-03,2025-06-03 07.01.14.jpg
1110,11,carapace_left,2025-06-11,2025-06-11 12.14.34.jpg
1111,11,carapace_right,2025-06-11,2025-06-11 12.13.36.jpg
1112,11,plastron,2025-06-03,2025-06-03 07.01.20.jpg
1113,24,carapace_top,2025-06-11,2025-06-11 22.01.22.jpg
1114,24,carapace_left,2025-06-11,2025-06-11 22.00.59.jpg
1115,24,carapace_right,2025-06-11,2025-06-11 12.13.36.jpg
1116,24,site_view,2025-06-11,2025-06-11 22.01.49.jpg
1117,24,site_view,2025-06-11,2025-06-11 22.02.46.jpg
1118,1,carapace_top,2025-06-09,2025-06-09 22.08.30.jpg
1119,1,carapace_left,2025-06-09,2025-06-09 22.07.50.jpg
1120,1,carapace_right,2025-06-09,2025-06-09 22.08.31.jpg
1121,1,front,2025-06-09,2025-06-09 22.08.59.jpg
1122,1,back,2025-06-09,2025-06-09 22.09.05.jpg
1123,31,carapace_top,2025-06-17,2025-06-17 08.46.52.jpg
1124,31,carapace_left,2025-06-17,2025-06-17 08.46.44.jpg
1125,31,carapace_right,2025-06-17,2025-06-17 08.46.49.jpg
1126,31,site_view,2025-06-17,2025-06-17 08.47.05.jpg
1127,18,carapace_top,2025-06-11,2025-06-11 10.02.20.jpg
1128,18,carapace_left,2025-06-11,2025-06-11 09.59.41.jpg
1129,18,carapace_right,2025-06-11,2025-06-11 09.59.58.jpg
1130,18,site_view,2025-06-11,2025-06-11 10.02.37.jpg
1131,18,site_view,2025-06-11,2025-06-11 10.02.40.jpg
1132,18,site_view,2025-06-11,2025-06-11 10.02.40.jpg
1133,21,carapace_top,2025-05-18,2025-05-18 14.14.18.jpg
1134,21,carapace_left,2025-05-19,2025-05-19 12.40.07.jpg
1135,21,carapace_right,2025-05-19,2025-05-19 12.42.37.jpg
1136,21,plastron,2025-05-19,2025-05-19 12.43.10.jpg
1137,21,front,2025-05-20,2025-05-20 09.36.53.jpg
1138,21,back,2025-05-20,2025-05-20 09.37.05.jpg
1139,31,carapace_top,2025-06-08,2025-06-08 07.21.16.jpg
1140,31,carapace_left,2025-06-11,2025-06-11 12.11.43.jpg
1141,31,carapace_right,,EBT_Right.jpg
1142,31,site_view,2025-06-08,2025-06-08 07.21.31.jpg
1143,24,carapace_top,2025-06-01,2025-06-01 06.37.10.jpg
1144,24,carapace_left,2025-06-01,2025-06-01 06.37.25.jpg
1145,24,carapace_right,2025-06-01,2025-06-01 06.37.39.jpg
1146,24,plastron,2025-06-01,2025-06-01 06.37.47.jpg
1147,6,carapace_top,2025-07-11,2025-07-11 09.12.39.jpg
1148,6,carapace_left,2025-06-12,2025-06-12 11.12.22.jpg
1149,6,carapace_right,2025-06-12,2025-06-12 11.12.41.jpg
1150,32,carapace_top,2025-06-16,2025-06-16 21.13.26.jpg
1151,32,carapace_left,2025-06-16,2025-06-16 21.12.29.jpg
1152,32,carapace_right,2025-06-16,2025-06-16 21.13.07.jpg
1153,25,carapace_top,2025-06-01,2025-06-01 07.40.20.jpg
1154,25,carapace_left,2025-06-01,2025-06-01 07.40.35.jpg
1155,25,carapace_right,2025-06-01,2025-06-01 07.40.47.jpg
1156,25,front,2025-06-01,2025-06-01 07.41.56.jpg
1157,25,site_view,2025-06-01,2025-06-01 07.41.09.jpg
1158,2,carapace_top,2025-06-11,2025-06-11 07.51.01.jpg
1159,2,carapace_left,2025-06-11,2025-06-11 07.50.36.jpg
1160,2,carapace_right,2025-06-11,2025-06-11 07.50.47.jpg
1161,2,front,2025-06-11,2025-06-11 07.51.12.jpg
1162,2,back,2025-06-11,2025-06-11 07.51.27.jpg
1163,19,carapace_top,2025-06-16,2025-06-16 07.07.48.jpg
1164,19,carapace_left,2025-06-16,2025-06-16 07.07.12.jpg
1165,19,carapace_right,2025-06-16,2025-06-16 07.07.30.jpg
1166,19,back,2025-06-16,2025-06-16 07.08.04.jpg
1167,3,carapace_top,2025-06-16,2025-06-16 06.46.21.jpg
1168,3,carapace_left,2025-06-16,2025-06-16 06.45.50.jpg
1169,3,carapace_right,2025-06-16,2025-06-16 06.46.06.jpg
1170,3,front,2025-06-16,2025-06-16 06.46.32.jpg
1171,1,carapace_top,2025-06-16,2025-06-16 06.36.45.jpg
1172,1,carapace_left,2025-06-16,2025-06-16 06.36.20.jpg
1173,1,carapace_right,2025-06-16,2025-06-16 06.36.33.jpg
1174,1,carapace_top,2025-07-14,2025-07-14 11.50.40.jpg
1175,1,carapace_left,2025-06-10,2025-06-10 07.10.15.jpg
1176,1,carapace_right,,EBT_Right.jpg
1177,1,carapace_top,2025-06-06,2025-06-06 08.46.50.jpg
1178,1,carapace_left,2025-06-06,2025-06-06 08.46.44.jpg
1179,1,carapace_right,2025-06-06,2025-06-06 08.46.45.jpg
1180,1,plastron,2025-06-06,2025-06-06 08.46.57.jpg
1181,1,site_view,2025-06-06,2025-06-06 09.21.14.jpg
1182,1,site_view,2025-06-06,2025-06-06 09.21.17.jpg
1183,22,carapace_top,2025-06-16,2025-06-16 21.43.41.jpg
1184,22,carapace_left,2025-06-16,2025-06-16 21.43.08.jpg
1185,22,carapace_right,2025-06-16,2025-06-16 21.43.32.jpg
1186,37,carapace_top,2025-06-10,2025-06-10 19.18.13.jpg
1187,37,carapace_left,2025-06-11,2025-06-11 12.14.14.jpg
1188,37,carapace_right,2025-06-11,2025-06-11 12.13.36.jpg
1189,37,site_view,2025-06-10,2025-06-10 19.18.50.jpg
1190,37,site_view,2025-06-10,2025-06-10 19.18.52.jpg
1191,37,site_view,2025-06-10,2025-06-10 19.19.00.jpg
1192,37,site_view,2025-06-10,2025-06-10 19.19.57.jpg
