capture_id,turtle_name,file_path,category,media_type,confidence
1019,Aztec,data/Aztec/1019.jpg,carapace,photo,high
832,Aztec,data/Aztec/832.jpg,plastron,photo,high
831,Aztec,data/Aztec/831.jpg,carapace,photo,high
829,Aztec,data/Aztec/829.jpg,carapace,photo,high
1018,Aztec,data/Aztec/1018.jpg,carapace,photo,high
782,Aztec,data/Aztec/782.jpg,carapace,photo,high
263,Aztec,data/Aztec/263.jpg,carapace,photo,high
420,Aztec,data/Aztec/420.jpg,carapace,illustration,high
830,Aztec,data/Aztec/830.jpg,carapace,photo,high
418,Aztec,data/Aztec/418.jpg,carapace,photo,high
785,Aztec,data/Aztec/785.jpg,plastron,photo,high
264,Aztec,data/Aztec/264.jpg,plastron,photo,high
419,Aztec,data/Aztec/419.jpg,carapace,photo,high
262,Aztec,data/Aztec/262.jpg,carapace,photo,high
833,Aztec,data/Aztec/833.jpg,habitat,photo,high
261,Aztec,data/Aztec/261.jpg,carapace,photo,high
784,Aztec,data/Aztec/784.jpg,carapace,photo,high
783,Aztec,data/Aztec/783.jpg,carapace,photo,high
1020,Aztec,data/Aztec/1020.jpg,carapace,photo,high
422,Aztec,data/Aztec/422.jpg,habitat,photo,high
1021,Aztec,data/Aztec/1021.jpg,habitat,photo,high
786,Aztec,data/Aztec/786.jpg,habitat,photo,high
421,Aztec,data/Aztec/421.jpg,carapace,photo,high
981,Bubbles,data/Bubbles/981.jpg,carapace,photo,high
303,Bubbles,data/Bubbles/303.jpg,carapace,photo,high
280,Chopsticks,data/Chopsticks/280.jpg,carapace,photo,high
285,Chopsticks,data/Chopsticks/285.jpg,carapace,photo,high
283,Chopsticks,data/Chopsticks/283.jpg,carapace,photo,high
282,Chopsticks,data/Chopsticks/282.jpg,carapace,photo,high
952,Bubbles,data/Bubbles/952.jpg,carapace,photo,high
953,Bubbles,data/Bubbles/953.jpg,carapace,photo,high
432,Chopsticks,data/Chopsticks/432.jpg,plastron,photo,high
431,Chopsticks,data/Chopsticks/431.jpg,carapace,photo,high
980,Bubbles,data/Bubbles/980.jpg,carapace,photo,high
951,Bubbles,data/Bubbles/951.jpg,carapace,photo,high
430,Chopsticks,data/Chopsticks/430.jpg,carapace,photo,high
286,Chopsticks,data/Chopsticks/286.jpg,plastron,photo,high
433,Chopsticks,data/Chopsticks/433.jpg,carapace,photo,high
287,Chopsticks,data/Chopsticks/287.jpg,carapace,photo,high
281,Chopsticks,data/Chopsticks/281.jpg,carapace,photo,high
302,Bubbles,data/Bubbles/302.jpg,carapace,photo,high
429,Chopsticks,data/Chopsticks/429.jpg,carapace,photo,high
434,Chopsticks,data/Chopsticks/434.jpg,carapace,photo,high
284,Chopsticks,data/Chopsticks/284.jpg,carapace,photo,high
787,Aztec,data/Aztec/787.jpg,habitat,photo,high
979,Bubbles,data/Bubbles/979.jpg,carapace,photo,high
1127,Compass,data/Compass/1127.jpg,carapace,photo,high
301,Bubbles,data/Bubbles/301.jpg,carapace,photo,high
949,Chopsticks,data/Chopsticks/949.jpg,carapace,photo,high
1128,Compass,data/Compass/1128.jpg,carapace,photo,high
948,Chopsticks,data/Chopsticks/948.jpg,carapace,photo,high
1131,Compass,data/Compass/1131.jpg,habitat,photo,high
1130,Compass,data/Compass/1130.jpg,habitat,photo,high
1129,Compass,data/Compass/1129.jpg,carapace,photo,high
288,Chopsticks,data/Chopsticks/288.jpg,carapace,photo,high
273,Compass,data/Compass/273.jpg,carapace,photo,high
405,Compass,data/Compass/405.jpg,habitat,photo,high
403,Compass,data/Compass/403.jpg,carapace,photo,high
1132,Compass,data/Compass/1132.jpg,habitat,photo,high
402,Compass,data/Compass/402.jpg,carapace,illustration,high
274,Compass,data/Compass/274.jpg,carapace,photo,high
272,Compass,data/Compass/272.jpg,carapace,photo,high
444,Compass,data/Compass/444.jpg,carapace,photo,high
404,Compass,data/Compass/404.jpg,carapace,photo,high
443,Compass,data/Compass/443.jpg,carapace,photo,high
406,Compass,data/Compass/406.jpg,habitat,photo,high
275,Compass,data/Compass/275.jpg,plastron,photo,high
447,Compass,data/Compass/447.jpg,habitat,photo,high
449,Compass,data/Compass/449.jpg,carapace,photo,high
451,Compass,data/Compass/451.jpg,carapace,photo,high
452,Compass,data/Compass/452.jpg,habitat,photo,high
446,Compass,data/Compass/446.jpg,carapace,photo,high
450,Compass,data/Compass/450.jpg,carapace,photo,high
475,Compass,data/Compass/475.jpg,carapace,photo,high
511,Compass,data/Compass/511.jpg,carapace,photo,high
478,Compass,data/Compass/478.jpg,habitat,photo,high
477,Compass,data/Compass/477.jpg,carapace,photo,high
476,Compass,data/Compass/476.jpg,carapace,illustration,high
510,Compass,data/Compass/510.jpg,carapace,photo,high
521,Compass,data/Compass/521.jpg,carapace,photo,high
481,Compass,data/Compass/481.jpg,habitat,photo,high
512,Compass,data/Compass/512.jpg,carapace,photo,high
480,Compass,data/Compass/480.jpg,habitat,photo,high
479,Compass,data/Compass/479.jpg,habitat,photo,high
519,Compass,data/Compass/519.jpg,carapace,illustration,high
514,Compass,data/Compass/514.jpg,habitat,photo,high
520,Compass,data/Compass/520.jpg,carapace,illustration,high
515,Compass,data/Compass/515.jpg,habitat,photo,high
523,Compass,data/Compass/523.jpg,carapace,photo,high
524,Compass,data/Compass/524.jpg,habitat,photo,high
513,Compass,data/Compass/513.jpg,plastron,photo,high
545,Compass,data/Compass/545.jpg,carapace,illustration,high
448,Compass,data/Compass/448.jpg,habitat,photo,high
546,Compass,data/Compass/546.jpg,carapace,illustration,high
547,Compass,data/Compass/547.jpg,carapace,illustration,high
577,Compass,data/Compass/577.jpg,carapace,photo,high
578,Compass,data/Compass/578.jpg,carapace,photo,high
576,Compass,data/Compass/576.jpg,carapace,photo,high
579,Compass,data/Compass/579.jpg,carapace,photo,high
589,Compass,data/Compass/589.jpg,carapace,illustration,high
590,Compass,data/Compass/590.jpg,carapace,illustration,high
548,Compass,data/Compass/548.jpg,habitat,photo,high
592,Compass,data/Compass/592.jpg,habitat,photo,high
775,Compass,data/Compass/775.jpg,carapace,illustration,high
591,Compass,data/Compass/591.jpg,habitat,photo,high
776,Compass,data/Compass/776.jpg,carapace,photo,high
774,Compass,data/Compass/774.jpg,carapace,illustration,high
794,Compass,data/Compass/794.jpg,carapace,photo,high
795,Compass,data/Compass/795.jpg,carapace,photo,high
778,Compass,data/Compass/778.jpg,habitat,photo,high
588,Compass,data/Compass/588.jpg,carapace,illustration,high
797,Compass,data/Compass/797.jpg,habitat,photo,high
841,Compass,data/Compass/841.jpg,carapace,photo,high
796,Compass,data/Compass/796.jpg,carapace,photo,high
777,Compass,data/Compass/777.jpg,habitat,photo,high
798,Compass,data/Compass/798.jpg,habitat,photo,high
842,Compass,data/Compass/842.jpg,carapace,photo,high
1028,Cruella,data/Cruella/1028.jpg,carapace,photo,high
445,Compass,data/Compass/445.jpg,carapace,photo,high
1029,Cruella,data/Cruella/1029.jpg,carapace,photo,high
950,Chopsticks,data/Chopsticks/950.jpg,carapace,photo,high
1027,Cruella,data/Cruella/1027.jpg,carapace,photo,high
1048,Cruella,data/Cruella/1048.jpg,plastron,photo,high
1046,Cruella,data/Cruella/1046.jpg,carapace,photo,high
1068,Cruella,data/Cruella/1068.jpg,carapace,photo,high
1067,Cruella,data/Cruella/1067.jpg,carapace,illustration,high
1030,Cruella,data/Cruella/1030.jpg,carapace,photo,high
1047,Cruella,data/Cruella/1047.jpg,carapace,photo,high
844,Compass,data/Compass/844.jpg,habitat,photo,high
1080,Cruella,data/Cruella/1080.jpg,carapace,photo,high
522,Compass,data/Compass/522.jpg,carapace,photo,high
1083,Cruella,data/Cruella/1083.jpg,other_closeup,photo,high
1084,Cruella,data/Cruella/1084.jpg,carapace,photo,high
1086,Cruella,data/Cruella/1086.jpg,habitat,photo,high
1081,Cruella,data/Cruella/1081.jpg,carapace,photo,high
1088,Cruella,data/Cruella/1088.jpg,habitat,photo,high
1100,Cruella,data/Cruella/1100.jpg,carapace,illustration,high
1123,Cruella,data/Cruella/1123.jpg,carapace,photo,high
1101,Cruella,data/Cruella/1101.jpg,carapace,photo,high
1085,Cruella,data/Cruella/1085.jpg,carapace,illustration,high
1141,Cruella,data/Cruella/1141.jpg,carapace,illustration,high
1087,Cruella,data/Cruella/1087.jpg,carapace,illustration,high
1124,Cruella,data/Cruella/1124.jpg,carapace,photo,high
1125,Cruella,data/Cruella/1125.jpg,carapace,photo,high
1139,Cruella,data/Cruella/1139.jpg,carapace,photo,high
327,Cruella,data/Cruella/327.jpg,carapace,photo,high
1099,Cruella,data/Cruella/1099.jpg,carapace,photo,high
329,Cruella,data/Cruella/329.jpg,carapace,photo,high
328,Cruella,data/Cruella/328.jpg,carapace,photo,high
330,Cruella,data/Cruella/330.jpg,plastron,photo,high
1069,Cruella,data/Cruella/1069.jpg,carapace,photo,high
843,Compass,data/Compass/843.jpg,carapace,photo,high
1140,Cruella,data/Cruella/1140.jpg,carapace,illustration,high
407,Cruella,data/Cruella/407.jpg,carapace,photo,high
333,Cruella,data/Cruella/333.jpg,carapace,photo,high
497,Cruella,data/Cruella/497.jpg,carapace,photo,high
409,Cruella,data/Cruella/409.jpg,carapace,photo,high
1142,Cruella,data/Cruella/1142.jpg,habitat,photo,high
332,Cruella,data/Cruella/332.jpg,carapace,photo,high
441,Cruella,data/Cruella/441.jpg,carapace,photo,high
331,Cruella,data/Cruella/331.jpg,carapace,photo,high
1082,Cruella,data/Cruella/1082.jpg,carapace,photo,high
442,Cruella,data/Cruella/442.jpg,carapace,photo,high
1126,Cruella,data/Cruella/1126.jpg,habitat,photo,high
439,Cruella,data/Cruella/439.jpg,carapace,photo,high
423,Cruella,data/Cruella/423.jpg,carapace,illustration,high
424,Cruella,data/Cruella/424.jpg,habitat,photo,high
509,Cruella,data/Cruella/509.jpg,carapace,photo,high
525,Cruella,data/Cruella/525.jpg,carapace,photo,high
498,Cruella,data/Cruella/498.jpg,carapace,photo,high
508,Cruella,data/Cruella/508.jpg,carapace,photo,high
527,Cruella,data/Cruella/527.jpg,carapace,illustration,high
528,Cruella,data/Cruella/528.jpg,habitat,photo,high
526,Cruella,data/Cruella/526.jpg,habitat,photo,high
570,Cruella,data/Cruella/570.jpg,carapace,illustration,high
571,Cruella,data/Cruella/571.jpg,carapace,illustration,high
572,Cruella,data/Cruella/572.jpg,carapace,photo,high
611,Cruella,data/Cruella/611.jpg,carapace,photo,high
507,Cruella,data/Cruella/507.jpg,carapace,photo,high
687,Cruella,data/Cruella/687.jpg,carapace,photo,high
569,Cruella,data/Cruella/569.jpg,carapace,illustration,high
612,Cruella,data/Cruella/612.jpg,carapace,photo,high
610,Cruella,data/Cruella/610.jpg,carapace,photo,high
709,Cruella,data/Cruella/709.jpg,carapace,photo,high
719,Cruella,data/Cruella/719.jpg,carapace,photo,high
718,Cruella,data/Cruella/718.jpg,carapace,photo,high
712,Cruella,data/Cruella/712.jpg,carapace,photo,high
689,Cruella,data/Cruella/689.jpg,carapace,photo,high
717,Cruella,data/Cruella/717.jpg,carapace,illustration,high
614,Cruella,data/Cruella/614.jpg,carapace,photo,high
690,Cruella,data/Cruella/690.jpg,other_closeup,photo,high
720,Cruella,data/Cruella/720.jpg,carapace,photo,high
711,Cruella,data/Cruella/711.jpg,carapace,photo,high
721,Cruella,data/Cruella/721.jpg,carapace,photo,high
688,Cruella,data/Cruella/688.jpg,carapace,photo,high
791,Cruella,data/Cruella/791.jpg,carapace,photo,high
713,Cruella,data/Cruella/713.jpg,habitat,photo,high
1045,Cruella,data/Cruella/1045.jpg,carapace,photo,high
793,Cruella,data/Cruella/793.jpg,carapace,photo,high
425,Cruella,data/Cruella/425.jpg,carapace,illustration,high
613,Cruella,data/Cruella/613.jpg,carapace,photo,high
792,Cruella,data/Cruella/792.jpg,carapace,photo,high
811,Cruella,data/Cruella/811.jpg,carapace,photo,high
812,Cruella,data/Cruella/812.jpg,carapace,photo,high
813,Cruella,data/Cruella/813.jpg,carapace,photo,high
856,Cruella,data/Cruella/856.jpg,carapace,photo,high
858,Cruella,data/Cruella/858.jpg,carapace,photo,high
814,Cruella,data/Cruella/814.jpg,carapace,photo,high
710,Cruella,data/Cruella/710.jpg,carapace,photo,high
879,Cruella,data/Cruella/879.jpg,carapace,photo,high
440,Cruella,data/Cruella/440.jpg,carapace,photo,high
855,Cruella,data/Cruella/855.jpg,carapace,photo,high
878,Cruella,data/Cruella/878.jpg,carapace,illustration,high
880,Cruella,data/Cruella/880.jpg,carapace,illustration,high
859,Cruella,data/Cruella/859.jpg,habitat,photo,high
881,Cruella,data/Cruella/881.jpg,habitat,photo,high
964,Cruella,data/Cruella/964.jpg,carapace,photo,high
963,Cruella,data/Cruella/963.jpg,carapace,photo,high
1183,D.E.P.,data/D.E.P./1183.jpg,carapace,photo,high
857,Cruella,data/Cruella/857.jpg,carapace,photo,high
1184,D.E.P.,data/D.E.P./1184.jpg,carapace,photo,high
966,Cruella,data/Cruella/966.jpg,carapace,photo,high
408,Cruella,data/Cruella/408.jpg,carapace,photo,high
296,D.E.P.,data/D.E.P./296.jpg,carapace,photo,high
965,Cruella,data/Cruella/965.jpg,carapace,photo,high
299,D.E.P.,data/D.E.P./299.jpg,carapace,photo,high
882,Cruella,data/Cruella/882.jpg,habitat,photo,high
295,D.E.P.,data/D.E.P./295.jpg,carapace,photo,high
297,D.E.P.,data/D.E.P./297.jpg,carapace,photo,high
631,D.E.P.,data/D.E.P./631.jpg,carapace,photo,high
1185,D.E.P.,data/D.E.P./1185.jpg,carapace,photo,high
300,D.E.P.,data/D.E.P./300.jpg,carapace,photo,high
496,Cruella,data/Cruella/496.jpg,carapace,photo,high
629,D.E.P.,data/D.E.P./629.jpg,carapace,illustration,high
630,D.E.P.,data/D.E.P./630.jpg,carapace,photo,high
632,D.E.P.,data/D.E.P./632.jpg,habitat,photo,high
298,D.E.P.,data/D.E.P./298.jpg,carapace,photo,high
684,D.E.P.,data/D.E.P./684.jpg,carapace,photo,high
759,D.E.P.,data/D.E.P./759.jpg,carapace,photo,high
685,D.E.P.,data/D.E.P./685.jpg,carapace,photo,high
633,D.E.P.,data/D.E.P./633.jpg,habitat,photo,high
760,D.E.P.,data/D.E.P./760.jpg,carapace,photo,high
682,D.E.P.,data/D.E.P./682.jpg,carapace,photo,high
683,D.E.P.,data/D.E.P./683.jpg,carapace,photo,high
686,D.E.P.,data/D.E.P./686.jpg,habitat,photo,high
762,D.E.P.,data/D.E.P./762.jpg,carapace,photo,high
708,Cruella,data/Cruella/708.jpg,carapace,photo,high
763,D.E.P.,data/D.E.P./763.jpg,habitat,photo,high
761,D.E.P.,data/D.E.P./761.jpg,carapace,photo,high
860,D.E.P.,data/D.E.P./860.jpg,carapace,photo,high
938,D.E.P.,data/D.E.P./938.jpg,carapace,photo,high
862,D.E.P.,data/D.E.P./862.jpg,carapace,illustration,high
939,D.E.P.,data/D.E.P./939.jpg,carapace,photo,high
937,D.E.P.,data/D.E.P./937.jpg,carapace,photo,high
941,D.E.P.,data/D.E.P./941.jpg,carapace,photo,high
936,D.E.P.,data/D.E.P./936.jpg,carapace,photo,high
935,D.E.P.,data/D.E.P./935.jpg,carapace,photo,high
940,D.E.P.,data/D.E.P./940.jpg,carapace,photo,high
861,D.E.P.,data/D.E.P./861.jpg,carapace,photo,high
350,Emoji,data/Emoji/350.jpg,carapace,photo,high
348,Emoji,data/Emoji/348.jpg,carapace,photo,high
351,Emoji,data/Emoji/351.jpg,carapace,photo,high
349,Emoji,data/Emoji/349.jpg,carapace,photo,high
1189,Esther,data/Esther/1189.jpg,habitat,photo,high
942,D.E.P.,data/D.E.P./942.jpg,habitat,photo,high
1186,Esther,data/Esther/1186.jpg,carapace,photo,high
1188,Esther,data/Esther/1188.jpg,carapace,illustration,high
1192,Esther,data/Esther/1192.jpg,habitat,photo,high
358,Esther,data/Esther/358.jpg,carapace,photo,high
1190,Esther,data/Esther/1190.jpg,habitat,photo,high
1191,Esther,data/Esther/1191.jpg,habitat,photo,high
388,Esther,data/Esther/388.jpg,carapace,photo,high
360,Esther,data/Esther/360.jpg,carapace,photo,high
854,Cruella,data/Cruella/854.jpg,carapace,photo,high
390,Esther,data/Esther/390.jpg,carapace,illustration,high
392,Esther,data/Esther/392.jpg,carapace,photo,high
395,Esther,data/Esther/395.jpg,habitat,photo,high
389,Esther,data/Esther/389.jpg,carapace,illustration,high
393,Esther,data/Esther/393.jpg,carapace,photo,high
394,Esther,data/Esther/394.jpg,carapace,photo,high
359,Esther,data/Esther/359.jpg,habitat,photo,high
396,Esther,data/Esther/396.jpg,habitat,photo,high
391,Esther,data/Esther/391.jpg,habitat,photo,high
458,Esther,data/Esther/458.jpg,habitat,photo,high
459,Esther,data/Esther/459.jpg,habitat,photo,high
460,Esther,data/Esther/460.jpg,habitat,photo,high
489,Esther,data/Esther/489.jpg,carapace,photo,high
485,Esther,data/Esther/485.jpg,carapace,photo,high
529,Esther,data/Esther/529.jpg,carapace,photo,high
531,Esther,data/Esther/531.jpg,carapace,illustration,high
487,Esther,data/Esther/487.jpg,carapace,photo,high
457,Esther,data/Esther/457.jpg,carapace,photo,high
533,Esther,data/Esther/533.jpg,habitat,photo,high
486,Esther,data/Esther/486.jpg,carapace,photo,high
530,Esther,data/Esther/530.jpg,carapace,illustration,high
556,Esther,data/Esther/556.jpg,carapace,photo,high
532,Esther,data/Esther/532.jpg,habitat,photo,high
559,Esther,data/Esther/559.jpg,plastron,photo,high
560,Esther,data/Esther/560.jpg,other_closeup,photo,high
557,Esther,data/Esther/557.jpg,carapace,photo,high
558,Esther,data/Esther/558.jpg,carapace,photo,high
488,Esther,data/Esther/488.jpg,carapace,photo,high
665,Esther,data/Esther/665.jpg,carapace,illustration,high
764,D.E.P.,data/D.E.P./764.jpg,habitat,photo,high
456,Esther,data/Esther/456.jpg,carapace,photo,high
779,Esther,data/Esther/779.jpg,carapace,photo,high
781,Esther,data/Esther/781.jpg,carapace,photo,high
667,Esther,data/Esther/667.jpg,carapace,photo,high
1187,Esther,data/Esther/1187.jpg,carapace,illustration,high
780,Esther,data/Esther/780.jpg,carapace,photo,high
898,Esther,data/Esther/898.jpg,carapace,illustration,high
896,Esther,data/Esther/896.jpg,carapace,photo,high
915,Esther,data/Esther/915.jpg,plastron,photo,high
897,Esther,data/Esther/897.jpg,carapace,illustration,high
916,Esther,data/Esther/916.jpg,carapace,photo,high
917,Esther,data/Esther/917.jpg,other_closeup,photo,high
900,Esther,data/Esther/900.jpg,habitat,photo,high
918,Esther,data/Esther/918.jpg,habitat,photo,high
919,Esther,data/Esther/919.jpg,habitat,photo,high
668,Esther,data/Esther/668.jpg,habitat,photo,high
996,Esther,data/Esther/996.jpg,carapace,photo,high
999,Esther,data/Esther/999.jpg,habitat,photo,high
899,Esther,data/Esther/899.jpg,habitat,photo,high
995,Esther,data/Esther/995.jpg,carapace,photo,high
998,Esther,data/Esther/998.jpg,habitat,photo,high
338,Faded_Flower,data/Faded_Flower/338.jpg,carapace,photo,high
339,Faded_Flower,data/Faded_Flower/339.jpg,carapace,photo,high
340,Faded_Flower,data/Faded_Flower/340.jpg,carapace,photo,high
666,Esther,data/Esther/666.jpg,habitat,photo,high
920,Esther,data/Esther/920.jpg,habitat,photo,high
911,Faded_Flower,data/Faded_Flower/911.jpg,carapace,photo,high
341,Faded_Flower,data/Faded_Flower/341.jpg,plastron,photo,high
343,Faded_Flower,data/Faded_Flower/343.jpg,other_closeup,photo,high
914,Faded_Flower,data/Faded_Flower/914.jpg,other_closeup,photo,high
249,Fist,data/Fist/249.jpg,carapace,photo,high
912,Faded_Flower,data/Faded_Flower/912.jpg,carapace,photo,high
344,Faded_Flower,data/Faded_Flower/344.jpg,other_closeup,photo,high
910,Faded_Flower,data/Faded_Flower/910.jpg,carapace,photo,high
250,Fist,data/Fist/250.jpg,carapace,photo,high
248,Fist,data/Fist/248.jpg,carapace,photo,high
913,Faded_Flower,data/Faded_Flower/913.jpg,carapace,photo,high
997,Esther,data/Esther/997.jpg,carapace,photo,high
695,Fist,data/Fist/695.jpg,carapace,photo,high
342,Faded_Flower,data/Faded_Flower/342.jpg,other_closeup,photo,high
251,Fist,data/Fist/251.jpg,plastron,photo,high
1016,Flower,data/Flower/1016.jpg,carapace,photo,high
1017,Flower,data/Flower/1017.jpg,carapace,photo,high
1015,Flower,data/Flower/1015.jpg,carapace,photo,high
218,Flower,data/Flower/218.jpg,carapace,photo,high
217,Flower,data/Flower/217.jpg,carapace,photo,high
698,Fist,data/Fist/698.jpg,plastron,photo,high
219,Flower,data/Flower/219.jpg,plastron,photo,high
375,Flower,data/Flower/375.jpg,carapace,photo,high
376,Flower,data/Flower/376.jpg,carapace,photo,high
377,Flower,data/Flower/377.jpg,carapace,photo,high
216,Flower,data/Flower/216.jpg,carapace,photo,high
378,Flower,data/Flower/378.jpg,habitat,photo,high
697,Fist,data/Fist/697.jpg,carapace,photo,high
435,Flower,data/Flower/435.jpg,carapace,photo,high
438,Flower,data/Flower/438.jpg,plastron,photo,high
379,Flower,data/Flower/379.jpg,habitat,photo,high
696,Fist,data/Fist/696.jpg,carapace,photo,high
501,Flower,data/Flower/501.jpg,carapace,photo,high
499,Flower,data/Flower/499.jpg,carapace,photo,high
500,Flower,data/Flower/500.jpg,carapace,photo,high
436,Flower,data/Flower/436.jpg,carapace,photo,high
437,Flower,data/Flower/437.jpg,carapace,photo,high
543,Flower,data/Flower/543.jpg,carapace,illustration,high
541,Flower,data/Flower/541.jpg,carapace,illustration,high
638,Flower,data/Flower/638.jpg,carapace,photo,high
502,Flower,data/Flower/502.jpg,habitat,photo,high
639,Flower,data/Flower/639.jpg,carapace,photo,high
662,Flower,data/Flower/662.jpg,carapace,photo,high
640,Flower,data/Flower/640.jpg,carapace,photo,high
544,Flower,data/Flower/544.jpg,habitat,photo,high
674,Flower,data/Flower/674.jpg,carapace,photo,high
663,Flower,data/Flower/663.jpg,carapace,illustration,high
641,Flower,data/Flower/641.jpg,plastron,photo,high
664,Flower,data/Flower/664.jpg,carapace,photo,high
673,Flower,data/Flower/673.jpg,carapace,photo,high
675,Flower,data/Flower/675.jpg,carapace,photo,high
742,Flower,data/Flower/742.jpg,carapace,photo,high
542,Flower,data/Flower/542.jpg,habitat,photo,high
745,Flower,data/Flower/745.jpg,carapace,photo,high
743,Flower,data/Flower/743.jpg,carapace,photo,high
863,Flower,data/Flower/863.jpg,carapace,photo,high
864,Flower,data/Flower/864.jpg,carapace,photo,high
865,Flower,data/Flower/865.jpg,carapace,photo,high
676,Flower,data/Flower/676.jpg,habitat,photo,high
867,Flower,data/Flower/867.jpg,carapace,photo,high
265,Flower_2,data/Flower_2/265.jpg,carapace,photo,high
866,Flower,data/Flower/866.jpg,plastron,photo,high
868,Flower,data/Flower/868.jpg,habitat,photo,high
744,Flower,data/Flower/744.jpg,carapace,photo,high
266,Flower_2,data/Flower_2/266.jpg,carapace,photo,high
269,Flower_2,data/Flower_2/269.jpg,carapace,photo,high
267,Flower_2,data/Flower_2/267.jpg,carapace,photo,high
699,Flower_2,data/Flower_2/699.jpg,carapace,photo,high
700,Flower_2,data/Flower_2/700.jpg,carapace,photo,high
271,Flower_2,data/Flower_2/271.jpg,carapace,photo,high
746,Flower,data/Flower/746.jpg,plastron,photo,high
268,Flower_2,data/Flower_2/268.jpg,carapace,photo,high
701,Flower_2,data/Flower_2/701.jpg,carapace,photo,high
209,Glyph,data/Glyph/209.jpg,carapace,photo,high
765,Flower_2,data/Flower_2/765.jpg,carapace,photo,high
270,Flower_2,data/Flower_2/270.jpg,carapace,photo,high
397,Glyph,data/Glyph/397.jpg,carapace,photo,high
210,Glyph,data/Glyph/210.jpg,carapace,photo,high
399,Glyph,data/Glyph/399.jpg,carapace,photo,high
702,Flower_2,data/Flower_2/702.jpg,carapace,photo,high
398,Glyph,data/Glyph/398.jpg,carapace,photo,high
534,Glyph,data/Glyph/534.jpg,carapace,photo,high
211,Glyph,data/Glyph/211.jpg,carapace,photo,high
703,Flower_2,data/Flower_2/703.jpg,habitat,photo,high
245,Jazzy,data/Jazzy/245.jpg,carapace,photo,high
380,Flower,data/Flower/380.jpg,habitat,photo,high
247,Jazzy,data/Jazzy/247.jpg,carapace,photo,high
573,Glyph,data/Glyph/573.jpg,carapace,photo,high
401,Glyph,data/Glyph/401.jpg,habitat,photo,high
536,Glyph,data/Glyph/536.jpg,carapace,photo,high
606,Jazzy,data/Jazzy/606.jpg,carapace,photo,high
574,Glyph,data/Glyph/574.jpg,carapace,photo,high
766,Flower_2,data/Flower_2/766.jpg,carapace,illustration,high
609,Jazzy,data/Jazzy/609.jpg,habitat,photo,high
608,Jazzy,data/Jazzy/608.jpg,carapace,photo,high
704,Flower_2,data/Flower_2/704.jpg,habitat,photo,high
537,Glyph,data/Glyph/537.jpg,carapace,photo,high
903,Jazzy,data/Jazzy/903.jpg,carapace,illustration,high
1006,Jigsaw,data/Jigsaw/1006.jpg,carapace,photo,high
575,Glyph,data/Glyph/575.jpg,carapace,photo,high
1008,Jigsaw,data/Jigsaw/1008.jpg,carapace,photo,high
1040,Jigsaw,data/Jigsaw/1040.jpg,carapace,illustration,high
901,Jazzy,data/Jazzy/901.jpg,carapace,photo,high
246,Jazzy,data/Jazzy/246.jpg,carapace,photo,high
1041,Jigsaw,data/Jigsaw/1041.jpg,habitat,photo,high
1060,Jigsaw,data/Jigsaw/1060.jpg,carapace,illustration,high
1042,Jigsaw,data/Jigsaw/1042.jpg,habitat,photo,high
1043,Jigsaw,data/Jigsaw/1043.jpg,habitat,photo,high
1150,Jigsaw,data/Jigsaw/1150.jpg,carapace,photo,high
400,Glyph,data/Glyph/400.jpg,habitat,photo,high
1059,Jigsaw,data/Jigsaw/1059.jpg,carapace,illustration,high
607,Jazzy,data/Jazzy/607.jpg,carapace,photo,high
1152,Jigsaw,data/Jigsaw/1152.jpg,carapace,photo,high
334,Jigsaw,data/Jigsaw/334.jpg,carapace,photo,high
1044,Jigsaw,data/Jigsaw/1044.jpg,habitat,photo,high
337,Jigsaw,data/Jigsaw/337.jpg,carapace,photo,high
1062,Jigsaw,data/Jigsaw/1062.jpg,habitat,photo,high
1061,Jigsaw,data/Jigsaw/1061.jpg,carapace,illustration,high
471,Jigsaw,data/Jigsaw/471.jpg,carapace,illustration,high
472,Jigsaw,data/Jigsaw/472.jpg,carapace,photo,high
336,Jigsaw,data/Jigsaw/336.jpg,carapace,photo,high
335,Jigsaw,data/Jigsaw/335.jpg,carapace,photo,high
474,Jigsaw,data/Jigsaw/474.jpg,habitat,photo,high
473,Jigsaw,data/Jigsaw/473.jpg,carapace,photo,high
585,Jigsaw,data/Jigsaw/585.jpg,carapace,photo,high
539,Jigsaw,data/Jigsaw/539.jpg,carapace,photo,high
583,Jigsaw,data/Jigsaw/583.jpg,carapace,photo,high
538,Jigsaw,data/Jigsaw/538.jpg,carapace,photo,high
902,Jazzy,data/Jazzy/902.jpg,carapace,illustration,high
584,Jigsaw,data/Jigsaw/584.jpg,carapace,photo,high
1151,Jigsaw,data/Jigsaw/1151.jpg,carapace,illustration,high
1039,Jigsaw,data/Jigsaw/1039.jpg,carapace,illustration,high
1007,Jigsaw,data/Jigsaw/1007.jpg,carapace,photo,high
586,Jigsaw,data/Jigsaw/586.jpg,habitat,photo,high
587,Jigsaw,data/Jigsaw/587.jpg,habitat,photo,high
707,Jigsaw,data/Jigsaw/707.jpg,carapace,illustration,high
540,Jigsaw,data/Jigsaw/540.jpg,carapace,photo,high
723,Jigsaw,data/Jigsaw/723.jpg,carapace,illustration,high
706,Jigsaw,data/Jigsaw/706.jpg,carapace,photo,high
705,Jigsaw,data/Jigsaw/705.jpg,carapace,illustration,high
748,Jigsaw,data/Jigsaw/748.jpg,carapace,photo,high
722,Jigsaw,data/Jigsaw/722.jpg,carapace,photo,high
846,Jigsaw,data/Jigsaw/846.jpg,carapace,photo,high
749,Jigsaw,data/Jigsaw/749.jpg,carapace,photo,high
800,Jigsaw,data/Jigsaw/800.jpg,carapace,illustration,high
799,Jigsaw,data/Jigsaw/799.jpg,carapace,illustration,high
819,Jigsaw,data/Jigsaw/819.jpg,carapace,photo,high
847,Jigsaw,data/Jigsaw/847.jpg,carapace,illustration,high
801,Jigsaw,data/Jigsaw/801.jpg,carapace,photo,high
845,Jigsaw,data/Jigsaw/845.jpg,carapace,illustration,high
849,Jigsaw,data/Jigsaw/849.jpg,habitat,photo,high
747,Jigsaw,data/Jigsaw/747.jpg,carapace,photo,high
928,Jigsaw,data/Jigsaw/928.jpg,other_closeup,photo,high
823,Jigsaw,data/Jigsaw/823.jpg,habitat,photo,high
925,Jigsaw,data/Jigsaw/925.jpg,carapace,photo,high
820,Jigsaw,data/Jigsaw/820.jpg,carapace,photo,high
821,Jigsaw,data/Jigsaw/821.jpg,carapace,photo,high
724,Jigsaw,data/Jigsaw/724.jpg,carapace,photo,high
926,Jigsaw,data/Jigsaw/926.jpg,carapace,photo,high
971,Jigsaw,data/Jigsaw/971.jpg,carapace,photo,high
848,Jigsaw,data/Jigsaw/848.jpg,habitat,photo,high
930,Jigsaw,data/Jigsaw/930.jpg,habitat,photo,high
822,Jigsaw,data/Jigsaw/822.jpg,habitat,photo,high
972,Jigsaw,data/Jigsaw/972.jpg,carapace,photo,high
929,Jigsaw,data/Jigsaw/929.jpg,carapace,photo,high
973,Jigsaw,data/Jigsaw/973.jpg,carapace,illustration,high
975,Jigsaw,data/Jigsaw/975.jpg,carapace,photo,high
978,Jigsaw,data/Jigsaw/978.jpg,habitat,photo,high
1153,Juvenile,data/Juvenile/1153.jpg,carapace,photo,high
976,Jigsaw,data/Jigsaw/976.jpg,carapace,photo,high
1155,Juvenile,data/Juvenile/1155.jpg,carapace,photo,high
927,Jigsaw,data/Jigsaw/927.jpg,carapace,photo,high
1154,Juvenile,data/Juvenile/1154.jpg,carapace,photo,high
977,Jigsaw,data/Jigsaw/977.jpg,habitat,photo,high
974,Jigsaw,data/Jigsaw/974.jpg,carapace,photo,high
1157,Juvenile,data/Juvenile/1157.jpg,habitat,photo,high
804,Juvenile,data/Juvenile/804.jpg,carapace,illustration,high
307,Juvenile,data/Juvenile/307.jpg,carapace,illustration,high
802,Juvenile,data/Juvenile/802.jpg,carapace,photo,high
1158,Lotus,data/Lotus/1158.jpg,carapace,photo,high
1159,Lotus,data/Lotus/1159.jpg,carapace,photo,high
1162,Lotus,data/Lotus/1162.jpg,carapace,photo,high
803,Juvenile,data/Juvenile/803.jpg,other_closeup,illustration,high
1156,Juvenile,data/Juvenile/1156.jpg,carapace,photo,high
1161,Lotus,data/Lotus/1161.jpg,carapace,photo,high
196,Lotus,data/Lotus/196.jpg,carapace,photo,high
1160,Lotus,data/Lotus/1160.jpg,carapace,photo,high
198,Lotus,data/Lotus/198.jpg,plastron,photo,high
371,Lotus,data/Lotus/371.jpg,carapace,photo,high
197,Lotus,data/Lotus/197.jpg,carapace,photo,high
372,Lotus,data/Lotus/372.jpg,plastron,photo,high
200,Lotus,data/Lotus/200.jpg,carapace,photo,high
199,Lotus,data/Lotus/199.jpg,carapace,photo,high
374,Lotus,data/Lotus/374.jpg,carapace,photo,high
553,Lotus,data/Lotus/553.jpg,carapace,illustration,high
369,Lotus,data/Lotus/369.jpg,carapace,photo,high
308,Juvenile,data/Juvenile/308.jpg,other_closeup,illustration,high
554,Lotus,data/Lotus/554.jpg,carapace,photo,high
555,Lotus,data/Lotus/555.jpg,carapace,photo,high
370,Lotus,data/Lotus/370.jpg,carapace,photo,high
714,Lotus,data/Lotus/714.jpg,carapace,photo,high
715,Lotus,data/Lotus/715.jpg,carapace,photo,high
731,Lotus,data/Lotus/731.jpg,carapace,photo,high
729,Lotus,data/Lotus/729.jpg,carapace,illustration,high
716,Lotus,data/Lotus/716.jpg,carapace,photo,high
728,Lotus,data/Lotus/728.jpg,carapace,illustration,high
733,Lotus,data/Lotus/733.jpg,habitat,photo,high
730,Lotus,data/Lotus/730.jpg,habitat,photo,high
195,Lotus,data/Lotus/195.jpg,carapace,photo,high
734,Lotus,data/Lotus/734.jpg,habitat,photo,high
373,Lotus,data/Lotus/373.jpg,carapace,photo,high
732,Lotus,data/Lotus/732.jpg,habitat,photo,high
735,Lotus,data/Lotus/735.jpg,habitat,photo,high
888,Lotus,data/Lotus/888.jpg,carapace,photo,high
890,Lotus,data/Lotus/890.jpg,carapace,photo,high
889,Lotus,data/Lotus/889.jpg,carapace,photo,high
1031,Rooster,data/Rooster/1031.jpg,carapace,photo,high
1033,Rooster,data/Rooster/1033.jpg,carapace,photo,high
310,Rooster,data/Rooster/310.jpg,carapace,photo,high
1032,Rooster,data/Rooster/1032.jpg,carapace,photo,high
309,Rooster,data/Rooster/309.jpg,carapace,photo,high
482,Rooster,data/Rooster/482.jpg,carapace,photo,high
483,Rooster,data/Rooster/483.jpg,carapace,photo,high
1013,Rooster_II,data/Rooster_II/1013.jpg,carapace,photo,high
1012,Rooster_II,data/Rooster_II/1012.jpg,carapace,photo,high
1035,Rooster,data/Rooster/1035.jpg,carapace,photo,high
325,Rooster_II,data/Rooster_II/325.jpg,carapace,photo,high
323,Rooster_II,data/Rooster_II/323.jpg,carapace,photo,high
484,Rooster,data/Rooster/484.jpg,carapace,photo,high
1034,Rooster,data/Rooster/1034.jpg,carapace,photo,high
1014,Rooster_II,data/Rooster_II/1014.jpg,carapace,photo,high
737,Rooster_II,data/Rooster_II/737.jpg,carapace,photo,high
326,Rooster_II,data/Rooster_II/326.jpg,carapace,photo,high
738,Rooster_II,data/Rooster_II/738.jpg,carapace,photo,high
891,Lotus,data/Lotus/891.jpg,habitat,photo,high
739,Rooster_II,data/Rooster_II/739.jpg,carapace,photo,high
736,Lotus,data/Lotus/736.jpg,habitat,photo,high
741,Rooster_II,data/Rooster_II/741.jpg,plastron,photo,high
1036,Shingles,data/Shingles/1036.jpg,carapace,photo,high
311,Rooster,data/Rooster/311.jpg,carapace,photo,high
324,Rooster_II,data/Rooster_II/324.jpg,carapace,photo,high
1050,Shingles,data/Shingles/1050.jpg,carapace,photo,high
1038,Shingles,data/Shingles/1038.jpg,carapace,photo,high
1037,Shingles,data/Shingles/1037.jpg,carapace,photo,high
1049,Shingles,data/Shingles/1049.jpg,carapace,photo,high
740,Rooster_II,data/Rooster_II/740.jpg,carapace,photo,high
1090,Shingles,data/Shingles/1090.jpg,carapace,illustration,high
1089,Shingles,data/Shingles/1089.jpg,carapace,illustration,high
1172,Shingles,data/Shingles/1172.jpg,carapace,photo,high
1091,Shingles,data/Shingles/1091.jpg,carapace,illustration,high
1118,Shingles,data/Shingles/1118.jpg,carapace,photo,high
1173,Shingles,data/Shingles/1173.jpg,carapace,photo,high
1120,Shingles,data/Shingles/1120.jpg,carapace,photo,high
1171,Shingles,data/Shingles/1171.jpg,carapace,photo,high
1174,Shingles,data/Shingles/1174.jpg,carapace,illustration,high
1122,Shingles,data/Shingles/1122.jpg,carapace,photo,high
1121,Shingles,data/Shingles/1121.jpg,carapace,photo,high
1177,Shingles,data/Shingles/1177.jpg,carapace,photo,high
1179,Shingles,data/Shingles/1179.jpg,carapace,photo,high
1051,Shingles,data/Shingles/1051.jpg,carapace,illustration,high
1180,Shingles,data/Shingles/1180.jpg,carapace,photo,high
1092,Shingles,data/Shingles/1092.jpg,habitat,photo,high
1052,Shingles,data/Shingles/1052.jpg,habitat,photo,high
1053,Shingles,data/Shingles/1053.jpg,habitat,photo,high
1175,Shingles,data/Shingles/1175.jpg,habitat,photo,high
1119,Shingles,data/Shingles/1119.jpg,carapace,photo,high
1176,Shingles,data/Shingles/1176.jpg,carapace,illustration,high
188,Shingles,data/Shingles/188.jpg,carapace,photo,high
191,Shingles,data/Shingles/191.jpg,carapace,photo,high
1178,Shingles,data/Shingles/1178.jpg,plastron,photo,high
189,Shingles,data/Shingles/189.jpg,carapace,photo,high
190,Shingles,data/Shingles/190.jpg,carapace,photo,high
1181,Shingles,data/Shingles/1181.jpg,habitat,photo,high
193,Shingles,data/Shingles/193.jpg,carapace,photo,high
192,Shingles,data/Shingles/192.jpg,carapace,photo,high
194,Shingles,data/Shingles/194.jpg,carapace,photo,high
518,Shingles,data/Shingles/518.jpg,carapace,photo,high
516,Shingles,data/Shingles/516.jpg,carapace,photo,high
599,Shingles,data/Shingles/599.jpg,carapace,illustration,high
517,Shingles,data/Shingles/517.jpg,carapace,photo,high
600,Shingles,data/Shingles/600.jpg,habitat,photo,high
601,Shingles,data/Shingles/601.jpg,carapace,photo,high
1182,Shingles,data/Shingles/1182.jpg,habitat,photo,high
670,Shingles,data/Shingles/670.jpg,plastron,photo,high
598,Shingles,data/Shingles/598.jpg,carapace,illustration,high
669,Shingles,data/Shingles/669.jpg,carapace,photo,high
725,Shingles,data/Shingles/725.jpg,carapace,photo,high
671,Shingles,data/Shingles/671.jpg,carapace,photo,high
597,Shingles,data/Shingles/597.jpg,carapace,illustration,high
605,Shingles,data/Shingles/605.jpg,habitat,photo,high
755,Shingles,data/Shingles/755.jpg,carapace,photo,high
754,Shingles,data/Shingles/754.jpg,carapace,photo,high
726,Shingles,data/Shingles/726.jpg,carapace,photo,high
672,Shingles,data/Shingles/672.jpg,plastron,photo,high
727,Shingles,data/Shingles/727.jpg,carapace,photo,high
604,Shingles,data/Shingles/604.jpg,habitat,photo,high
602,Shingles,data/Shingles/602.jpg,carapace,photo,high
756,Shingles,data/Shingles/756.jpg,carapace,photo,high
757,Shingles,data/Shingles/757.jpg,carapace,photo,high
1001,Spikey,data/Spikey/1001.jpg,carapace,photo,high
1000,Spikey,data/Spikey/1000.jpg,carapace,photo,high
603,Shingles,data/Shingles/603.jpg,carapace,photo,high
1054,Spikey,data/Spikey/1054.jpg,carapace,illustration,high
758,Shingles,data/Shingles/758.jpg,habitat,photo,high
1057,Spikey,data/Spikey/1057.jpg,carapace,photo,high
1002,Spikey,data/Spikey/1002.jpg,carapace,photo,high
1055,Spikey,data/Spikey/1055.jpg,carapace,photo,high
1147,Spikey,data/Spikey/1147.jpg,carapace,illustration,high
1056,Spikey,data/Spikey/1056.jpg,carapace,photo,high
1058,Spikey,data/Spikey/1058.jpg,carapace,photo,high
1148,Spikey,data/Spikey/1148.jpg,carapace,illustration,high
1149,Spikey,data/Spikey/1149.jpg,carapace,photo,high
212,Spikey,data/Spikey/212.jpg,carapace,photo,high
213,Spikey,data/Spikey/213.jpg,carapace,photo,high
215,Spikey,data/Spikey/215.jpg,carapace,photo,high
789,Spikey,data/Spikey/789.jpg,carapace,photo,high
365,Stilts,data/Stilts/365.jpg,carapace,photo,high
788,Spikey,data/Spikey/788.jpg,carapace,photo,high
790,Spikey,data/Spikey/790.jpg,carapace,photo,high
453,Spikey,data/Spikey/453.jpg,carapace,photo,high
454,Spikey,data/Spikey/454.jpg,carapace,photo,high
1109,Strobe,data/Strobe/1109.jpg,carapace,photo,high
241,Strobe,data/Strobe/241.jpg,carapace,photo,high
1094,Stilts,data/Stilts/1094.jpg,carapace,illustration,high
455,Spikey,data/Spikey/455.jpg,carapace,photo,high
1112,Strobe,data/Strobe/1112.jpg,plastron,photo,high
1111,Strobe,data/Strobe/1111.jpg,carapace,illustration,high
1093,Stilts,data/Stilts/1093.jpg,carapace,photo,high
214,Spikey,data/Spikey/214.jpg,carapace,photo,high
1110,Strobe,data/Strobe/1110.jpg,carapace,illustration,high
243,Strobe,data/Strobe/243.jpg,carapace,photo,high
367,Stilts,data/Stilts/367.jpg,carapace,photo,high
366,Stilts,data/Stilts/366.jpg,carapace,photo,high
368,Stilts,data/Stilts/368.jpg,plastron,photo,high
244,Strobe,data/Strobe/244.jpg,plastron,photo,high
242,Strobe,data/Strobe/242.jpg,carapace,photo,high
240,Strobe,data/Strobe/240.jpg,carapace,photo,high
1095,Stilts,data/Stilts/1095.jpg,carapace,photo,high
316,Strobe_II,data/Strobe_II/316.jpg,carapace,photo,high
315,Strobe_II,data/Strobe_II/315.jpg,carapace,photo,high
382,Strobe_II,data/Strobe_II/382.jpg,carapace,photo,high
317,Strobe_II,data/Strobe_II/317.jpg,carapace,photo,high
383,Strobe_II,data/Strobe_II/383.jpg,carapace,photo,high
1022,Sunflower,data/Sunflower/1022.jpg,carapace,photo,high
1023,Sunflower,data/Sunflower/1023.jpg,carapace,photo,high
1024,Sunflower,data/Sunflower/1024.jpg,carapace,photo,high
1072,Sunflower,data/Sunflower/1072.jpg,carapace,photo,high
1025,Sunflower,data/Sunflower/1025.jpg,carapace,photo,high
1170,Sunflower,data/Sunflower/1170.jpg,carapace,photo,high
1167,Sunflower,data/Sunflower/1167.jpg,carapace,photo,high
1026,Sunflower,data/Sunflower/1026.jpg,habitat,photo,high
1070,Sunflower,data/Sunflower/1070.jpg,carapace,photo,high
1169,Sunflower,data/Sunflower/1169.jpg,carapace,photo,high
381,Strobe_II,data/Strobe_II/381.jpg,carapace,photo,high
1168,Sunflower,data/Sunflower/1168.jpg,carapace,photo,high
1073,Sunflower,data/Sunflower/1073.jpg,carapace,photo,high
202,Sunflower,data/Sunflower/202.jpg,carapace,photo,high
201,Sunflower,data/Sunflower/201.jpg,carapace,photo,high
204,Sunflower,data/Sunflower/204.jpg,plastron,photo,high
1071,Sunflower,data/Sunflower/1071.jpg,carapace,photo,high
564,Sunflower,data/Sunflower/564.jpg,carapace,photo,high
1076,Sunflower,data/Sunflower/1076.jpg,habitat,photo,high
205,Sunflower,data/Sunflower/205.jpg,carapace,photo,high
565,Sunflower,data/Sunflower/565.jpg,carapace,photo,high
1075,Sunflower,data/Sunflower/1075.jpg,habitat,photo,high
566,Sunflower,data/Sunflower/566.jpg,carapace,photo,high
1074,Sunflower,data/Sunflower/1074.jpg,carapace,photo,high
567,Sunflower,data/Sunflower/567.jpg,habitat,photo,high
568,Sunflower,data/Sunflower/568.jpg,habitat,photo,high
594,Sunflower,data/Sunflower/594.jpg,carapace,photo,high
203,Sunflower,data/Sunflower/203.jpg,carapace,photo,high
593,Sunflower,data/Sunflower/593.jpg,carapace,photo,high
642,Sunflower,data/Sunflower/642.jpg,carapace,illustration,high
595,Sunflower,data/Sunflower/595.jpg,carapace,photo,high
768,Sunflower,data/Sunflower/768.jpg,carapace,photo,high
596,Sunflower,data/Sunflower/596.jpg,habitat,photo,high
769,Sunflower,data/Sunflower/769.jpg,carapace,photo,high
767,Sunflower,data/Sunflower/767.jpg,carapace,photo,high
644,Sunflower,data/Sunflower/644.jpg,carapace,illustration,high
906,Sunflower,data/Sunflower/906.jpg,carapace,photo,high
770,Sunflower,data/Sunflower/770.jpg,carapace,photo,high
955,Sunflower,data/Sunflower/955.jpg,carapace,photo,high
956,Sunflower,data/Sunflower/956.jpg,carapace,photo,high
643,Sunflower,data/Sunflower/643.jpg,carapace,photo,high
907,Sunflower,data/Sunflower/907.jpg,plastron,photo,high
954,Sunflower,data/Sunflower/954.jpg,carapace,photo,high
905,Sunflower,data/Sunflower/905.jpg,carapace,photo,high
957,Sunflower,data/Sunflower/957.jpg,carapace,photo,high
908,Sunflower,data/Sunflower/908.jpg,habitat,photo,high
959,Sunflower,data/Sunflower/959.jpg,habitat,photo,high
904,Sunflower,data/Sunflower/904.jpg,carapace,photo,high
958,Sunflower,data/Sunflower/958.jpg,carapace,photo,high
279,T016,data/T016/279.jpg,plastron,photo,high
1164,T016,data/T016/1164.jpg,carapace,photo,high
278,T016,data/T016/278.jpg,carapace,photo,high
991,Sunflower,data/Sunflower/991.jpg,carapace,illustration,high
994,Sunflower,data/Sunflower/994.jpg,habitat,photo,high
909,Sunflower,data/Sunflower/909.jpg,habitat,photo,high
1166,T016,data/T016/1166.jpg,carapace,photo,high
580,T016,data/T016/580.jpg,carapace,photo,high
1165,T016,data/T016/1165.jpg,carapace,photo,high
992,Sunflower,data/Sunflower/992.jpg,carapace,photo,high
993,Sunflower,data/Sunflower/993.jpg,carapace,photo,high
961,Sunflower,data/Sunflower/961.jpg,habitat,photo,high
960,Sunflower,data/Sunflower/960.jpg,habitat,photo,high
276,T016,data/T016/276.jpg,carapace,photo,high
988,T016,data/T016/988.jpg,carapace,photo,high
962,Sunflower,data/Sunflower/962.jpg,habitat,photo,high
990,T016,data/T016/990.jpg,plastron,photo,high
1163,T016,data/T016/1163.jpg,carapace,photo,high
581,T016,data/T016/581.jpg,carapace,photo,high
259,T022_23,data/T022_23/259.jpg,carapace,photo,high
258,T022_23,data/T022_23/258.jpg,carapace,photo,high
257,T022_23,data/T022_23/257.jpg,carapace,photo,high
426,T022_23,data/T022_23/426.jpg,carapace,photo,high
649,T022_23,data/T022_23/649.jpg,carapace,photo,high
260,T022_23,data/T022_23/260.jpg,plastron,photo,high
427,T022_23,data/T022_23/427.jpg,plastron,photo,high
652,T022_23,data/T022_23/652.jpg,plastron,photo,high
987,T016,data/T016/987.jpg,carapace,photo,high
651,T022_23,data/T022_23/651.jpg,carapace,photo,high
1133,T026,data/T026/1133.jpg,carapace,photo,high
989,T016,data/T016/989.jpg,carapace,photo,high
1136,T026,data/T026/1136.jpg,plastron,photo,high
428,T022_23,data/T022_23/428.jpg,carapace,photo,high
650,T022_23,data/T022_23/650.jpg,carapace,photo,high
277,T016,data/T016/277.jpg,carapace,photo,high
1134,T026,data/T026/1134.jpg,carapace,photo,high
1135,T026,data/T026/1135.jpg,carapace,photo,high
1138,T026,data/T026/1138.jpg,carapace,photo,high
292,T026,data/T026/292.jpg,plastron,photo,high
582,T016,data/T016/582.jpg,carapace,photo,high
291,T026,data/T026/291.jpg,carapace,photo,high
1137,T026,data/T026/1137.jpg,carapace,photo,high
290,T026,data/T026/290.jpg,carapace,photo,high
220,T039_70,data/T039_70/220.jpg,carapace,photo,high
294,T026,data/T026/294.jpg,carapace,photo,high
222,T039_70,data/T039_70/222.jpg,carapace,photo,high
223,T039_70,data/T039_70/223.jpg,carapace,photo,high
224,T039_70,data/T039_70/224.jpg,carapace,photo,high
656,T039_70,data/T039_70/656.jpg,carapace,photo,high
221,T039_70,data/T039_70/221.jpg,carapace,photo,high
293,T026,data/T026/293.jpg,carapace,photo,high
226,T044,data/T044/226.jpg,carapace,photo,high
225,T044,data/T044/225.jpg,carapace,photo,high
677,T039_70,data/T039_70/677.jpg,plastron,photo,high
657,T039_70,data/T039_70/657.jpg,carapace,photo,high
678,T039_70,data/T039_70/678.jpg,carapace,photo,high
653,T039_70,data/T039_70/653.jpg,carapace,photo,high
679,T039_70,data/T039_70/679.jpg,carapace,photo,high
655,T039_70,data/T039_70/655.jpg,carapace,photo,high
931,T044,data/T044/931.jpg,carapace,photo,high
680,T039_70,data/T039_70/680.jpg,carapace,photo,high
933,T044,data/T044/933.jpg,carapace,photo,high
228,T044,data/T044/228.jpg,plastron,photo,high
932,T044,data/T044/932.jpg,carapace,photo,high
1098,T045,data/T045/1098.jpg,carapace,photo,high
314,T045,data/T045/314.jpg,carapace,photo,high
1096,T045,data/T045/1096.jpg,carapace,photo,high
1097,T045,data/T045/1097.jpg,carapace,photo,high
361,T047x,data/T047x/361.jpg,carapace,photo,high
681,T039_70,data/T039_70/681.jpg,carapace,photo,high
313,T045,data/T045/313.jpg,carapace,photo,high
227,T044,data/T044/227.jpg,carapace,photo,high
312,T045,data/T045/312.jpg,carapace,photo,high
934,T044,data/T044/934.jpg,plastron,photo,high
549,T047x,data/T047x/549.jpg,carapace,photo,high
362,T047x,data/T047x/362.jpg,carapace,photo,high
363,T047x,data/T047x/363.jpg,carapace,photo,high
364,T047x,data/T047x/364.jpg,plastron,photo,high
319,T066,data/T066/319.jpg,carapace,photo,high
551,T047x,data/T047x/551.jpg,carapace,photo,high
461,T066,data/T066/461.jpg,carapace,photo,high
550,T047x,data/T047x/550.jpg,carapace,photo,high
322,T066,data/T066/322.jpg,carapace,photo,high
552,T047x,data/T047x/552.jpg,plastron,photo,high
321,T066,data/T066/321.jpg,plastron,photo,high
318,T066,data/T066/318.jpg,carapace,photo,high
320,T066,data/T066/320.jpg,carapace,photo,high
463,T066,data/T066/463.jpg,carapace,photo,high
462,T066,data/T066/462.jpg,carapace,photo,high
637,T066,data/T066/637.jpg,carapace,photo,high
635,T066,data/T066/635.jpg,carapace,photo,high
289,T026,data/T026/289.jpg,carapace,photo,high
634,T066,data/T066/634.jpg,carapace,photo,high
352,T103x,data/T103x/352.jpg,carapace,photo,high
464,T066,data/T066/464.jpg,plastron,photo,high
355,T103x,data/T103x/355.jpg,plastron,photo,high
357,T103x,data/T103x/357.jpg,other_closeup,photo,high
354,T103x,data/T103x/354.jpg,carapace,photo,high
824,T103x,data/T103x/824.jpg,carapace,photo,high
825,T103x,data/T103x/825.jpg,carapace,photo,high
827,T103x,data/T103x/827.jpg,plastron,photo,high
353,T103x,data/T103x/353.jpg,carapace,photo,high
826,T103x,data/T103x/826.jpg,carapace,photo,high
345,T104,data/T104/345.jpg,carapace,photo,high
346,T104,data/T104/346.jpg,carapace,photo,high
828,T103x,data/T103x/828.jpg,carapace,photo,high
967,T104,data/T104/967.jpg,carapace,photo,high
968,T104,data/T104/968.jpg,carapace,photo,high
356,T103x,data/T103x/356.jpg,carapace,photo,high
654,T039_70,data/T039_70/654.jpg,carapace,photo,high
347,T104,data/T104/347.jpg,carapace,photo,high
252,T117,data/T117/252.jpg,carapace,photo,high
969,T104,data/T104/969.jpg,carapace,photo,high
254,T117,data/T117/254.jpg,carapace,photo,high
384,T117,data/T117/384.jpg,carapace,illustration,high
386,T117,data/T117/386.jpg,carapace,photo,high
256,T117,data/T117/256.jpg,carapace,photo,high
253,T117,data/T117/253.jpg,carapace,photo,high
465,T117,data/T117/465.jpg,carapace,illustration,high
411,T117,data/T117/411.jpg,carapace,photo,high
410,T117,data/T117/410.jpg,carapace,photo,high
255,T117,data/T117/255.jpg,carapace,photo,high
385,T117,data/T117/385.jpg,carapace,illustration,high
412,T117,data/T117/412.jpg,habitat,photo,high
467,T117,data/T117/467.jpg,carapace,photo,high
413,T117,data/T117/413.jpg,carapace,photo,high
491,T117,data/T117/491.jpg,carapace,photo,high
469,T117,data/T117/469.jpg,habitat,photo,high
470,T117,data/T117/470.jpg,carapace,photo,high
492,T117,data/T117/492.jpg,carapace,photo,high
970,T104,data/T104/970.jpg,carapace,photo,high
490,T117,data/T117/490.jpg,carapace,photo,high
466,T117,data/T117/466.jpg,carapace,illustration,high
468,T117,data/T117/468.jpg,habitat,photo,high
387,T117,data/T117/387.jpg,habitat,photo,high
493,T117,data/T117/493.jpg,plastron,photo,high
636,T066,data/T066/636.jpg,carapace,photo,high
494,T117,data/T117/494.jpg,carapace,photo,high
495,T117,data/T117/495.jpg,carapace,photo,high
503,T117,data/T117/503.jpg,carapace,photo,high
504,T117,data/T117/504.jpg,carapace,photo,high
505,T117,data/T117/505.jpg,carapace,photo,high
506,T117,data/T117/506.jpg,carapace,photo,high
618,T117,data/T117/618.jpg,carapace,illustration,high
659,T117,data/T117/659.jpg,carapace,photo,high
620,T117,data/T117/620.jpg,carapace,photo,high
660,T117,data/T117/660.jpg,carapace,photo,high
661,T117,data/T117/661.jpg,other_closeup,photo,high
622,T117,data/T117/622.jpg,habitat,photo,high
750,T117,data/T117/750.jpg,carapace,photo,high
647,T117,data/T117/647.jpg,carapace,photo,high
621,T117,data/T117/621.jpg,habitat,photo,high
645,T117,data/T117/645.jpg,habitat,photo,high
751,T117,data/T117/751.jpg,carapace,photo,high
752,T117,data/T117/752.jpg,carapace,photo,high
646,T117,data/T117/646.jpg,habitat,photo,high
816,T117,data/T117/816.jpg,carapace,illustration,high
895,T117,data/T117/895.jpg,carapace,photo,high
648,T117,data/T117/648.jpg,habitat,photo,high
892,T117,data/T117/892.jpg,carapace,photo,high
817,T117,data/T117/817.jpg,carapace,photo,high
753,T117,data/T117/753.jpg,habitat,photo,high
921,T117,data/T117/921.jpg,carapace,photo,high
818,T117,data/T117/818.jpg,habitat,photo,high
924,T117,data/T117/924.jpg,habitat,photo,high
944,T117,data/T117/944.jpg,carapace,photo,high
893,T117,data/T117/893.jpg,carapace,photo,high
945,T117,data/T117/945.jpg,carapace,photo,high
619,T117,data/T117/619.jpg,carapace,photo,high
658,T117,data/T117/658.jpg,carapace,photo,high
894,T117,data/T117/894.jpg,carapace,photo,high
943,T117,data/T117/943.jpg,carapace,photo,high
815,T117,data/T117/815.jpg,habitat,photo,high
923,T117,data/T117/923.jpg,carapace,photo,high
946,T117,data/T117/946.jpg,carapace,photo,high
922,T117,data/T117/922.jpg,carapace,photo,high
984,T117,data/T117/984.jpg,carapace,photo,high
983,T117,data/T117/983.jpg,carapace,photo,high
947,T117,data/T117/947.jpg,carapace,photo,high
1064,T122,data/T122/1064.jpg,carapace,photo,high
1065,T122,data/T122/1065.jpg,carapace,photo,high
1063,T122,data/T122/1063.jpg,carapace,photo,high
1104,T122,data/T122/1104.jpg,carapace,photo,high
1105,T122,data/T122/1105.jpg,plastron,photo,high
1103,T122,data/T122/1103.jpg,carapace,photo,high
982,T117,data/T117/982.jpg,carapace,illustration,high
1102,T122,data/T122/1102.jpg,carapace,photo,high
237,T122,data/T122/237.jpg,plastron,photo,high
238,T122,data/T122/238.jpg,carapace,photo,high
234,T122,data/T122/234.jpg,carapace,photo,high
1108,T122,data/T122/1108.jpg,habitat,photo,high
239,T122,data/T122/239.jpg,carapace,photo,high
986,T117,data/T117/986.jpg,habitat,photo,high
1004,Unidentified,data/Unidentified/1004.jpg,carapace,photo,high
1107,T122,data/T122/1107.jpg,carapace,photo,high
235,T122,data/T122/235.jpg,carapace,photo,high
1066,T122,data/T122/1066.jpg,habitat,photo,high
1106,T122,data/T122/1106.jpg,carapace,photo,high
1003,Unidentified,data/Unidentified/1003.jpg,carapace,photo,high
1010,Unidentified,data/Unidentified/1010.jpg,carapace,photo,high
1077,Unidentified,data/Unidentified/1077.jpg,carapace,photo,high
1005,Unidentified,data/Unidentified/1005.jpg,carapace,photo,high
985,T117,data/T117/985.jpg,habitat,photo,high
1011,Unidentified,data/Unidentified/1011.jpg,carapace,photo,high
1078,Unidentified,data/Unidentified/1078.jpg,carapace,illustration,high
1009,Unidentified,data/Unidentified/1009.jpg,carapace,photo,high
1113,Unidentified,data/Unidentified/1113.jpg,carapace,photo,high
236,T122,data/T122/236.jpg,carapace,photo,high
1114,Unidentified,data/Unidentified/1114.jpg,carapace,illustration,high
1145,Unidentified,data/Unidentified/1145.jpg,carapace,photo,high
1079,Unidentified,data/Unidentified/1079.jpg,carapace,illustration,high
1144,Unidentified,data/Unidentified/1144.jpg,carapace,photo,high
1146,Unidentified,data/Unidentified/1146.jpg,carapace,photo,high
305,Unidentified,data/Unidentified/305.jpg,carapace,illustration,high
304,Unidentified,data/Unidentified/304.jpg,carapace,illustration,high
416,Unidentified,data/Unidentified/416.jpg,carapace,photo,high
1116,Unidentified,data/Unidentified/1116.jpg,carapace,photo,high
616,Unidentified,data/Unidentified/616.jpg,carapace,photo,high
414,Unidentified,data/Unidentified/414.jpg,carapace,photo,high
1115,Unidentified,data/Unidentified/1115.jpg,carapace,illustration,high
417,Unidentified,data/Unidentified/417.jpg,habitat,photo,high
625,Unidentified,data/Unidentified/625.jpg,carapace,photo,high
617,Unidentified,data/Unidentified/617.jpg,carapace,illustration,high
624,Unidentified,data/Unidentified/624.jpg,carapace,photo,high
615,Unidentified,data/Unidentified/615.jpg,carapace,photo,high
623,T117,data/T117/623.jpg,habitat,photo,high
415,Unidentified,data/Unidentified/415.jpg,carapace,photo,high
306,Unidentified,data/Unidentified/306.jpg,carapace,illustration,high
627,Unidentified,data/Unidentified/627.jpg,carapace,photo,high
626,Unidentified,data/Unidentified/626.jpg,carapace,photo,high
1117,Unidentified,data/Unidentified/1117.jpg,carapace,photo,high
693,Unidentified,data/Unidentified/693.jpg,carapace,photo,high
628,Unidentified,data/Unidentified/628.jpg,carapace,photo,high
691,Unidentified,data/Unidentified/691.jpg,carapace,photo,high
772,Unidentified,data/Unidentified/772.jpg,carapace,photo,high
773,Unidentified,data/Unidentified/773.jpg,carapace,photo,high
805,Unidentified,data/Unidentified/805.jpg,carapace,photo,high
694,Unidentified,data/Unidentified/694.jpg,habitat,photo,high
692,Unidentified,data/Unidentified/692.jpg,carapace,photo,high
771,Unidentified,data/Unidentified/771.jpg,carapace,photo,high
806,Unidentified,data/Unidentified/806.jpg,carapace,photo,high
807,Unidentified,data/Unidentified/807.jpg,carapace,photo,high
834,Unidentified,data/Unidentified/834.jpg,carapace,photo,high
810,Unidentified,data/Unidentified/810.jpg,other_closeup,photo,high
809,Unidentified,data/Unidentified/809.jpg,carapace,illustration,high
808,Unidentified,data/Unidentified/808.jpg,plastron,photo,high
835,Unidentified,data/Unidentified/835.jpg,carapace,photo,high
838,Unidentified,data/Unidentified/838.jpg,carapace,photo,high
839,Unidentified,data/Unidentified/839.jpg,carapace,photo,high
836,Unidentified,data/Unidentified/836.jpg,carapace,photo,high
837,Unidentified,data/Unidentified/837.jpg,plastron,photo,high
851,Unidentified,data/Unidentified/851.jpg,carapace,photo,high
850,Unidentified,data/Unidentified/850.jpg,carapace,photo,high
206,Wishbone,data/Wishbone/206.jpg,carapace,photo,high
207,Wishbone,data/Wishbone/207.jpg,carapace,photo,high
1143,Unidentified,data/Unidentified/1143.jpg,carapace,photo,high
208,Wishbone,data/Wishbone/208.jpg,carapace,photo,high
562,Wishbone,data/Wishbone/562.jpg,carapace,photo,high
561,Wishbone,data/Wishbone/561.jpg,carapace,photo,high
885,Unidentified,data/Unidentified/885.jpg,carapace,photo,high
875,Unidentified,data/Unidentified/875.jpg,carapace,illustration,high
871,Unidentified,data/Unidentified/871.jpg,carapace,photo,high
883,Unidentified,data/Unidentified/883.jpg,carapace,photo,high
874,Unidentified,data/Unidentified/874.jpg,carapace,illustration,high
876,Unidentified,data/Unidentified/876.jpg,carapace,illustration,high
535,Glyph,data/Glyph/535.jpg,carapace,photo,high
884,Unidentified,data/Unidentified/884.jpg,carapace,illustration,high
852,Unidentified,data/Unidentified/852.jpg,carapace,photo,high
563,Wishbone,data/Wishbone/563.jpg,carapace,photo,high
886,Unidentified,data/Unidentified/886.jpg,carapace,photo,high
887,Unidentified,data/Unidentified/887.jpg,habitat,photo,high
869,Unidentified,data/Unidentified/869.jpg,carapace,photo,high
853,Unidentified,data/Unidentified/853.jpg,carapace,photo,high
840,Unidentified,data/Unidentified/840.jpg,habitat,photo,high
877,Unidentified,data/Unidentified/877.jpg,habitat,photo,high
872,Unidentified,data/Unidentified/872.jpg,carapace,photo,high
873,Unidentified,data/Unidentified/873.jpg,habitat,photo,high
870,Unidentified,data/Unidentified/870.jpg,carapace,photo,high
