capture_id,file_path,true,pred_top1,correct_top1,correct_top5,top5
262,data/Aztec/262.jpg,Aztec,Aztec,1,1,Aztec;Stilts;Strobe;Strobe_II;Sunflower
830,data/Aztec/830.jpg,Aztec,Aztec,1,1,Aztec;Stilts;Strobe;Strobe_II;Sunflower
301,data/Bubbles/301.jpg,Bubbles,Bubbles,1,1,Bubbles;Aztec;Strobe;Strobe_II;Sunflower
283,data/Chopsticks/283.jpg,Chopsticks,T016,0,0,T016;Aztec;Stilts;Strobe;Strobe_II
948,data/Chopsticks/948.jpg,Chopsticks,Chopsticks,1,1,Chopsticks;Aztec;Strobe;Strobe_II;Sunflower
451,data/Compass/451.jpg,Compass,Compass,1,1,Compass;Aztec;Strobe;Strobe_II;Sunflower
796,data/Compass/796.jpg,Compass,Compass,1,1,Compass;Aztec;Strobe;Strobe_II;Sunflower
578,data/Compass/578.jpg,Compass,Unidentified,0,0,Unidentified;Stilts;Strobe;Strobe_II;Sunflower
444,data/Compass/444.jpg,Compass,Compass,1,1,Compass;Aztec;Strobe;Strobe_II;Sunflower
776,data/Compass/776.jpg,Compass,Compass,1,1,Compass;Aztec;Strobe;Strobe_II;Sunflower
857,data/Cruella/857.jpg,Cruella,T117,0,0,T117;Aztec;Stilts;Strobe;Strobe_II
1045,data/Cruella/1045.jpg,Cruella,Cruella,1,1,Cruella;Aztec;Strobe;Strobe_II;Sunflower
1139,data/Cruella/1139.jpg,Cruella,Flower,0,0,Flower;Aztec;Strobe;Strobe_II;Sunflower
710,data/Cruella/710.jpg,Cruella,Cruella,1,1,Cruella;Aztec;Strobe;Strobe_II;Sunflower
610,data/Cruella/610.jpg,Cruella,Cruella,1,1,Cruella;Aztec;Strobe;Strobe_II;Sunflower
439,data/Cruella/439.jpg,Cruella,Cruella,1,1,Cruella;Aztec;Strobe;Strobe_II;Sunflower
718,data/Cruella/718.jpg,Cruella,Cruella,1,1,Cruella;Aztec;Strobe;Strobe_II;Sunflower
687,data/Cruella/687.jpg,Cruella,T016,0,0,T016;Aztec;Stilts;Strobe;Strobe_II
854,data/Cruella/854.jpg,Cruella,Cruella,1,1,Cruella;Aztec;Strobe;Strobe_II;Sunflower
856,data/Cruella/856.jpg,Cruella,Cruella,1,1,Cruella;Aztec;Strobe;Strobe_II;Sunflower
572,data/Cruella/572.jpg,Cruella,Flower,0,0,Flower;Aztec;Strobe;Strobe_II;Sunflower
940,data/D.E.P./940.jpg,D.E.P.,D.E.P.,1,1,D.E.P.;Aztec;Strobe;Strobe_II;Sunflower
295,data/D.E.P./295.jpg,D.E.P.,D.E.P.,1,1,D.E.P.;Aztec;Strobe;Strobe_II;Sunflower
761,data/D.E.P./761.jpg,D.E.P.,D.E.P.,1,1,D.E.P.;Aztec;Strobe;Strobe_II;Sunflower
300,data/D.E.P./300.jpg,D.E.P.,D.E.P.,1,1,D.E.P.;Aztec;Strobe;Strobe_II;Sunflower
348,data/Emoji/348.jpg,Emoji,Unidentified,0,0,Unidentified;Stilts;Strobe;Strobe_II;Sunflower
1186,data/Esther/1186.jpg,Esther,Esther,1,1,Esther;Aztec;Strobe;Strobe_II;Sunflower
557,data/Esther/557.jpg,Esther,Esther,1,1,Esther;Aztec;Strobe;Strobe_II;Sunflower
995,data/Esther/995.jpg,Esther,Esther,1,1,Esther;Aztec;Strobe;Strobe_II;Sunflower
388,data/Esther/388.jpg,Esther,Esther,1,1,Esther;Aztec;Strobe;Strobe_II;Sunflower
338,data/Faded_Flower/338.jpg,Faded_Flower,Faded_Flower,1,1,Faded_Flower;Aztec;Strobe;Strobe_II;Sunflower
248,data/Fist/248.jpg,Fist,Fist,1,1,Fist;Strobe;Strobe_II;Sunflower;T016
218,data/Flower/218.jpg,Flower,Flower,1,1,Flower;Aztec;Strobe;Strobe_II;Sunflower
500,data/Flower/500.jpg,Flower,Flower,1,1,Flower;Aztec;Strobe;Strobe_II;Sunflower
867,data/Flower/867.jpg,Flower,Flower_2,0,0,Flower_2;Aztec;Strobe;Strobe_II;Sunflower
217,data/Flower/217.jpg,Flower,Flower,1,1,Flower;Aztec;Strobe;Strobe_II;Sunflower
1015,data/Flower/1015.jpg,Flower,Sunflower,0,0,Sunflower;Aztec;Stilts;Strobe;Strobe_II
270,data/Flower_2/270.jpg,Flower_2,Flower_2,1,1,Flower_2;Aztec;Strobe;Strobe_II;Sunflower
765,data/Flower_2/765.jpg,Flower_2,Flower,0,0,Flower;Aztec;Strobe;Strobe_II;Sunflower
535,data/Glyph/535.jpg,Glyph,Glyph,1,1,Glyph;Aztec;Strobe;Strobe_II;Sunflower
398,data/Glyph/398.jpg,Glyph,Glyph,1,1,Glyph;Aztec;Strobe;Strobe_II;Sunflower
246,data/Jazzy/246.jpg,Jazzy,Jazzy,1,1,Jazzy;Aztec;Strobe;Strobe_II;Sunflower
748,data/Jigsaw/748.jpg,Jigsaw,Jigsaw,1,1,Jigsaw;Aztec;Strobe;Strobe_II;Sunflower
1008,data/Jigsaw/1008.jpg,Jigsaw,Jigsaw,1,1,Jigsaw;Aztec;Strobe;Strobe_II;Sunflower
334,data/Jigsaw/334.jpg,Jigsaw,Jigsaw,1,1,Jigsaw;Aztec;Strobe;Strobe_II;Sunflower
926,data/Jigsaw/926.jpg,Jigsaw,Jigsaw,1,1,Jigsaw;Aztec;Strobe;Strobe_II;Sunflower
584,data/Jigsaw/584.jpg,Jigsaw,Jigsaw,1,1,Jigsaw;Aztec;Strobe;Strobe_II;Sunflower
337,data/Jigsaw/337.jpg,Jigsaw,Jigsaw,1,1,Jigsaw;Aztec;Strobe;Strobe_II;Sunflower
1153,data/Juvenile/1153.jpg,Juvenile,Juvenile,1,1,Juvenile;Aztec;Strobe;Strobe_II;Sunflower
199,data/Lotus/199.jpg,Lotus,Lotus,1,1,Lotus;Aztec;Strobe;Strobe_II;Sunflower
714,data/Lotus/714.jpg,Lotus,Shingles,0,0,Shingles;Stilts;Strobe;Strobe_II;Sunflower
371,data/Lotus/371.jpg,Lotus,Esther,0,0,Esther;Aztec;Strobe;Strobe_II;Sunflower
1160,data/Lotus/1160.jpg,Lotus,Lotus,1,1,Lotus;Aztec;Strobe;Strobe_II;Sunflower
484,data/Rooster/484.jpg,Rooster,Rooster,1,1,Rooster;Aztec;Stilts;Strobe;Strobe_II
1032,data/Rooster/1032.jpg,Rooster,Rooster,1,1,Rooster;Aztec;Stilts;Strobe;Strobe_II
737,data/Rooster_II/737.jpg,Rooster_II,Rooster_II,1,1,Rooster_II;Stilts;Strobe;Strobe_II;Sunflower
1012,data/Rooster_II/1012.jpg,Rooster_II,Rooster_II,1,1,Rooster_II;Stilts;Strobe;Strobe_II;Sunflower
194,data/Shingles/194.jpg,Shingles,Shingles,1,1,Shingles;Stilts;Strobe;Strobe_II;Sunflower
1179,data/Shingles/1179.jpg,Shingles,Shingles,1,1,Shingles;Stilts;Strobe;Strobe_II;Sunflower
188,data/Shingles/188.jpg,Shingles,Shingles,1,1,Shingles;Stilts;Strobe;Strobe_II;Sunflower
1172,data/Shingles/1172.jpg,Shingles,Shingles,1,1,Shingles;Stilts;Strobe;Strobe_II;Sunflower
755,data/Shingles/755.jpg,Shingles,Shingles,1,1,Shingles;Stilts;Strobe;Strobe_II;Sunflower
1173,data/Shingles/1173.jpg,Shingles,Shingles,1,1,Shingles;Stilts;Strobe;Strobe_II;Sunflower
212,data/Spikey/212.jpg,Spikey,Spikey,1,1,Spikey;Aztec;Stilts;Strobe;Strobe_II
1055,data/Spikey/1055.jpg,Spikey,Spikey,1,1,Spikey;Aztec;Stilts;Strobe;Strobe_II
1149,data/Spikey/1149.jpg,Spikey,Spikey,1,1,Spikey;Aztec;Stilts;Strobe;Strobe_II
367,data/Stilts/367.jpg,Stilts,Stilts,1,1,Stilts;Aztec;Strobe;Strobe_II;Sunflower
240,data/Strobe/240.jpg,Strobe,Strobe,1,1,Strobe;Aztec;Stilts;Strobe_II;Sunflower
382,data/Strobe_II/382.jpg,Strobe_II,Faded_Flower,0,1,Faded_Flower;Aztec;Strobe;Strobe_II;Sunflower
904,data/Sunflower/904.jpg,Sunflower,Sunflower,1,1,Sunflower;Aztec;Stilts;Strobe;Strobe_II
1170,data/Sunflower/1170.jpg,Sunflower,Sunflower,1,1,Sunflower;Aztec;Stilts;Strobe;Strobe_II
957,data/Sunflower/957.jpg,Sunflower,T117,0,0,T117;Aztec;Stilts;Strobe;Strobe_II
767,data/Sunflower/767.jpg,Sunflower,Sunflower,1,1,Sunflower;Aztec;Stilts;Strobe;Strobe_II
202,data/Sunflower/202.jpg,Sunflower,Sunflower,1,1,Sunflower;Aztec;Stilts;Strobe;Strobe_II
1023,data/Sunflower/1023.jpg,Sunflower,Sunflower,1,1,Sunflower;Aztec;Stilts;Strobe;Strobe_II
1163,data/T016/1163.jpg,T016,T016,1,1,T016;Aztec;Stilts;Strobe;Strobe_II
278,data/T016/278.jpg,T016,T016,1,1,T016;Aztec;Stilts;Strobe;Strobe_II
650,data/T022_23/650.jpg,T022_23,T022_23,1,1,T022_23;Aztec;Stilts;Strobe;Strobe_II
1137,data/T026/1137.jpg,T026,T117,0,0,T117;Aztec;Stilts;Strobe;Strobe_II
289,data/T026/289.jpg,T026,T026,1,1,T026;Aztec;Stilts;Strobe;Strobe_II
221,data/T039_70/221.jpg,T039_70,T039_70,1,1,T039_70;Stilts;Strobe;Strobe_II;Sunflower
678,data/T039_70/678.jpg,T039_70,T039_70,1,1,T039_70;Stilts;Strobe;Strobe_II;Sunflower
933,data/T044/933.jpg,T044,T044,1,1,T044;Aztec;Stilts;Strobe;Strobe_II
1096,data/T045/1096.jpg,T045,T045,1,1,T045;Aztec;Stilts;Strobe;Strobe_II
362,data/T047x/362.jpg,T047x,T047x,1,1,T047x;Aztec;Stilts;Strobe;Strobe_II
322,data/T066/322.jpg,T066,T066,1,1,T066;Aztec;Stilts;Strobe;Strobe_II
634,data/T066/634.jpg,T066,T066,1,1,T066;Aztec;Stilts;Strobe;Strobe_II
353,data/T103x/353.jpg,T103x,T103x,1,1,T103x;Aztec;Stilts;Strobe;Strobe_II
345,data/T104/345.jpg,T104,T104,1,1,T104;Aztec;Stilts;Strobe;Strobe_II
893,data/T117/893.jpg,T117,T117,1,1,T117;Aztec;Stilts;Strobe;Strobe_II
659,data/T117/659.jpg,T117,Unidentified,0,0,Unidentified;Stilts;Strobe;Strobe_II;Sunflower
491,data/T117/491.jpg,T117,Flower,0,0,Flower;Aztec;Strobe;Strobe_II;Sunflower
923,data/T117/923.jpg,T117,Cruella,0,0,Cruella;Aztec;Strobe;Strobe_II;Sunflower
946,data/T117/946.jpg,T117,T117,1,1,T117;Aztec;Stilts;Strobe;Strobe_II
750,data/T117/750.jpg,T117,T117,1,1,T117;Aztec;Stilts;Strobe;Strobe_II
817,data/T117/817.jpg,T117,Flower,0,0,Flower;Aztec;Strobe;Strobe_II;Sunflower
1102,data/T122/1102.jpg,T122,T122,1,1,T122;Aztec;Stilts;Strobe;Strobe_II
1107,data/T122/1107.jpg,T122,T122,1,1,T122;Aztec;Stilts;Strobe;Strobe_II
850,data/Unidentified/850.jpg,Unidentified,Unidentified,1,1,Unidentified;Stilts;Strobe;Strobe_II;Sunflower
772,data/Unidentified/772.jpg,Unidentified,Shingles,0,0,Shingles;Stilts;Strobe;Strobe_II;Sunflower
628,data/Unidentified/628.jpg,Unidentified,Unidentified,1,1,Unidentified;Stilts;Strobe;Strobe_II;Sunflower
627,data/Unidentified/627.jpg,Unidentified,Unidentified,1,1,Unidentified;Stilts;Strobe;Strobe_II;Sunflower
624,data/Unidentified/624.jpg,Unidentified,Unidentified,1,1,Unidentified;Stilts;Strobe;Strobe_II;Sunflower
886,data/Unidentified/886.jpg,Unidentified,D.E.P.,0,0,D.E.P.;Aztec;Strobe;Strobe_II;Sunflower
835,data/Unidentified/835.jpg,Unidentified,Flower,0,0,Flower;Aztec;Strobe;Strobe_II;Sunflower
562,data/Wishbone/562.jpg,Wishbone,Wishbone,1,1,Wishbone;Stilts;Strobe;Strobe_II;Sunflower
