capture_id,file_path,true,pred_top1,correct_top1,correct_top5,top5,config
262,data/Aztec/262.jpg,Aztec,Aztec,1,1,Aztec;Stilts;Strobe;Strobe_II;Sunflower,pca64_k1
830,data/Aztec/830.jpg,Aztec,Aztec,1,1,Aztec;Stilts;Strobe;Strobe_II;Sunflower,pca64_k1
301,data/Bubbles/301.jpg,Bubbles,Bubbles,1,1,Bubbles;Aztec;Strobe;Strobe_II;Sunflower,pca64_k1
283,data/Chopsticks/283.jpg,Chopsticks,Chopsticks,1,1,Chopsticks;Aztec;Strobe;Strobe_II;Sunflower,pca64_k1
948,data/Chopsticks/948.jpg,Chopsticks,Chopsticks,1,1,Chopsticks;Aztec;Strobe;Strobe_II;Sunflower,pca64_k1
451,data/Compass/451.jpg,Compass,Compass,1,1,Compass;Aztec;Strobe;Strobe_II;Sunflower,pca64_k1
796,data/Compass/796.jpg,Compass,Compass,1,1,Compass;Aztec;Strobe;Strobe_II;Sunflower,pca64_k1
578,data/Compass/578.jpg,Compass,Fist,0,0,Fist;Aztec;Strobe;Strobe_II;Sunflower,pca64_k1
444,data/Compass/444.jpg,Compass,Compass,1,1,Compass;Aztec;Strobe;Strobe_II;Sunflower,pca64_k1
776,data/Compass/776.jpg,Compass,Compass,1,1,Compass;Aztec;Strobe;Strobe_II;Sunflower,pca64_k1
857,data/Cruella/857.jpg,Cruella,Cruella,1,1,Cruella;Aztec;Strobe;Strobe_II;Sunflower,pca64_k1
1045,data/Cruella/1045.jpg,Cruella,Cruella,1,1,Cruella;Aztec;Strobe;Strobe_II;Sunflower,pca64_k1
1139,data/Cruella/1139.jpg,Cruella,Compass,0,0,Compass;Aztec;Strobe;Strobe_II;Sunflower,pca64_k1
710,data/Cruella/710.jpg,Cruella,Cruella,1,1,Cruella;Aztec;Strobe;Strobe_II;Sunflower,pca64_k1
610,data/Cruella/610.jpg,Cruella,Cruella,1,1,Cruella;Aztec;Strobe;Strobe_II;Sunflower,pca64_k1
439,data/Cruella/439.jpg,Cruella,Cruella,1,1,Cruella;Aztec;Strobe;Strobe_II;Sunflower,pca64_k1
718,data/Cruella/718.jpg,Cruella,Jigsaw,0,0,Jigsaw;Aztec;Strobe;Strobe_II;Sunflower,pca64_k1
687,data/Cruella/687.jpg,Cruella,T016,0,0,T016;Aztec;Stilts;Strobe;Strobe_II,pca64_k1
854,data/Cruella/854.jpg,Cruella,Cruella,1,1,Cruella;Aztec;Strobe;Strobe_II;Sunflower,pca64_k1
856,data/Cruella/856.jpg,Cruella,Cruella,1,1,Cruella;Aztec;Strobe;Strobe_II;Sunflower,pca64_k1
572,data/Cruella/572.jpg,Cruella,Flower,0,0,Flower;Aztec;Strobe;Strobe_II;Sunflower,pca64_k1
940,data/D.E.P./940.jpg,D.E.P.,D.E.P.,1,1,D.E.P.;Aztec;Strobe;Strobe_II;Sunflower,pca64_k1
295,data/D.E.P./295.jpg,D.E.P.,D.E.P.,1,1,D.E.P.;Aztec;Strobe;Strobe_II;Sunflower,pca64_k1
761,data/D.E.P./761.jpg,D.E.P.,D.E.P.,1,1,D.E.P.;Aztec;Strobe;Strobe_II;Sunflower,pca64_k1
300,data/D.E.P./300.jpg,D.E.P.,D.E.P.,1,1,D.E.P.;Aztec;Strobe;Strobe_II;Sunflower,pca64_k1
348,data/Emoji/348.jpg,Emoji,Emoji,1,1,Emoji;Aztec;Strobe;Strobe_II;Sunflower,pca64_k1
1186,data/Esther/1186.jpg,Esther,Esther,1,1,Esther;Aztec;Strobe;Strobe_II;Sunflower,pca64_k1
557,data/Esther/557.jpg,Esther,Esther,1,1,Esther;Aztec;Strobe;Strobe_II;Sunflower,pca64_k1
995,data/Esther/995.jpg,Esther,Esther,1,1,Esther;Aztec;Strobe;Strobe_II;Sunflower,pca64_k1
388,data/Esther/388.jpg,Esther,Esther,1,1,Esther;Aztec;Strobe;Strobe_II;Sunflower,pca64_k1
338,data/Faded_Flower/338.jpg,Faded_Flower,Faded_Flower,1,1,Faded_Flower;Strobe;Strobe_II;Sunflower;T016,pca64_k1
248,data/Fist/248.jpg,Fist,Fist,1,1,Fist;Aztec;Strobe;Strobe_II;Sunflower,pca64_k1
218,data/Flower/218.jpg,Flower,Flower,1,1,Flower;Aztec;Strobe;Strobe_II;Sunflower,pca64_k1
500,data/Flower/500.jpg,Flower,Flower,1,1,Flower;Aztec;Strobe;Strobe_II;Sunflower,pca64_k1
867,data/Flower/867.jpg,Flower,Flower,1,1,Flower;Aztec;Strobe;Strobe_II;Sunflower,pca64_k1
217,data/Flower/217.jpg,Flower,Flower,1,1,Flower;Aztec;Strobe;Strobe_II;Sunflower,pca64_k1
1015,data/Flower/1015.jpg,Flower,Sunflower,0,0,Sunflower;Aztec;Stilts;Strobe;Strobe_II,pca64_k1
270,data/Flower_2/270.jpg,Flower_2,Flower_2,1,1,Flower_2;Aztec;Strobe;Strobe_II;Sunflower,pca64_k1
765,data/Flower_2/765.jpg,Flower_2,Cruella,0,0,Cruella;Aztec;Strobe;Strobe_II;Sunflower,pca64_k1
535,data/Glyph/535.jpg,Glyph,Glyph,1,1,Glyph;Aztec;Strobe;Strobe_II;Sunflower,pca64_k1
398,data/Glyph/398.jpg,Glyph,Glyph,1,1,Glyph;Aztec;Strobe;Strobe_II;Sunflower,pca64_k1
246,data/Jazzy/246.jpg,Jazzy,Jazzy,1,1,Jazzy;Aztec;Strobe;Strobe_II;Sunflower,pca64_k1
748,data/Jigsaw/748.jpg,Jigsaw,Jigsaw,1,1,Jigsaw;Aztec;Strobe;Strobe_II;Sunflower,pca64_k1
1008,data/Jigsaw/1008.jpg,Jigsaw,Jigsaw,1,1,Jigsaw;Aztec;Strobe;Strobe_II;Sunflower,pca64_k1
334,data/Jigsaw/334.jpg,Jigsaw,Jigsaw,1,1,Jigsaw;Aztec;Strobe;Strobe_II;Sunflower,pca64_k1
926,data/Jigsaw/926.jpg,Jigsaw,Jigsaw,1,1,Jigsaw;Aztec;Strobe;Strobe_II;Sunflower,pca64_k1
584,data/Jigsaw/584.jpg,Jigsaw,Jigsaw,1,1,Jigsaw;Aztec;Strobe;Strobe_II;Sunflower,pca64_k1
337,data/Jigsaw/337.jpg,Jigsaw,Sunflower,0,0,Sunflower;Aztec;Stilts;Strobe;Strobe_II,pca64_k1
199,data/Lotus/199.jpg,Lotus,Lotus,1,1,Lotus;Aztec;Strobe;Strobe_II;Sunflower,pca64_k1
714,data/Lotus/714.jpg,Lotus,Shingles,0,0,Shingles;Stilts;Strobe;Strobe_II;Sunflower,pca64_k1
371,data/Lotus/371.jpg,Lotus,Lotus,1,1,Lotus;Aztec;Strobe;Strobe_II;Sunflower,pca64_k1
1160,data/Lotus/1160.jpg,Lotus,Lotus,1,1,Lotus;Aztec;Strobe;Strobe_II;Sunflower,pca64_k1
484,data/Rooster/484.jpg,Rooster,Rooster,1,1,Rooster;Aztec;Stilts;Strobe;Strobe_II,pca64_k1
1032,data/Rooster/1032.jpg,Rooster,Rooster,1,1,Rooster;Aztec;Stilts;Strobe;Strobe_II,pca64_k1
737,data/Rooster_II/737.jpg,Rooster_II,Fist,0,0,Fist;Aztec;Strobe;Strobe_II;Sunflower,pca64_k1
1012,data/Rooster_II/1012.jpg,Rooster_II,Rooster_II,1,1,Rooster_II;Stilts;Strobe;Strobe_II;Sunflower,pca64_k1
194,data/Shingles/194.jpg,Shingles,Shingles,1,1,Shingles;Stilts;Strobe;Strobe_II;Sunflower,pca64_k1
1179,data/Shingles/1179.jpg,Shingles,Shingles,1,1,Shingles;Stilts;Strobe;Strobe_II;Sunflower,pca64_k1
188,data/Shingles/188.jpg,Shingles,Shingles,1,1,Shingles;Stilts;Strobe;Strobe_II;Sunflower,pca64_k1
1172,data/Shingles/1172.jpg,Shingles,Shingles,1,1,Shingles;Stilts;Strobe;Strobe_II;Sunflower,pca64_k1
755,data/Shingles/755.jpg,Shingles,Shingles,1,1,Shingles;Stilts;Strobe;Strobe_II;Sunflower,pca64_k1
1173,data/Shingles/1173.jpg,Shingles,Shingles,1,1,Shingles;Stilts;Strobe;Strobe_II;Sunflower,pca64_k1
212,data/Spikey/212.jpg,Spikey,Spikey,1,1,Spikey;Aztec;Stilts;Strobe;Strobe_II,pca64_k1
1055,data/Spikey/1055.jpg,Spikey,Spikey,1,1,Spikey;Aztec;Stilts;Strobe;Strobe_II,pca64_k1
1149,data/Spikey/1149.jpg,Spikey,Spikey,1,1,Spikey;Aztec;Stilts;Strobe;Strobe_II,pca64_k1
367,data/Stilts/367.jpg,Stilts,Stilts,1,1,Stilts;Aztec;Strobe;Strobe_II;Sunflower,pca64_k1
240,data/Strobe/240.jpg,Strobe,Strobe,1,1,Strobe;Aztec;Stilts;Strobe_II;Sunflower,pca64_k1
382,data/Strobe_II/382.jpg,Strobe_II,Faded_Flower,0,1,Faded_Flower;Strobe;Strobe_II;Sunflower;T016,pca64_k1
904,data/Sunflower/904.jpg,Sunflower,Sunflower,1,1,Sunflower;Aztec;Stilts;Strobe;Strobe_II,pca64_k1
1170,data/Sunflower/1170.jpg,Sunflower,Sunflower,1,1,Sunflower;Aztec;Stilts;Strobe;Strobe_II,pca64_k1
957,data/Sunflower/957.jpg,Sunflower,T117,0,0,T117;Aztec;Stilts;Strobe;Strobe_II,pca64_k1
767,data/Sunflower/767.jpg,Sunflower,Sunflower,1,1,Sunflower;Aztec;Stilts;Strobe;Strobe_II,pca64_k1
202,data/Sunflower/202.jpg,Sunflower,Sunflower,1,1,Sunflower;Aztec;Stilts;Strobe;Strobe_II,pca64_k1
1023,data/Sunflower/1023.jpg,Sunflower,Sunflower,1,1,Sunflower;Aztec;Stilts;Strobe;Strobe_II,pca64_k1
1163,data/T016/1163.jpg,T016,T016,1,1,T016;Aztec;Stilts;Strobe;Strobe_II,pca64_k1
278,data/T016/278.jpg,T016,T016,1,1,T016;Aztec;Stilts;Strobe;Strobe_II,pca64_k1
650,data/T022_23/650.jpg,T022_23,T022_23,1,1,T022_23;Aztec;Stilts;Strobe;Strobe_II,pca64_k1
1137,data/T026/1137.jpg,T026,T117,0,0,T117;Aztec;Stilts;Strobe;Strobe_II,pca64_k1
289,data/T026/289.jpg,T026,T026,1,1,T026;Aztec;Stilts;Strobe;Strobe_II,pca64_k1
221,data/T039_70/221.jpg,T039_70,T039_70,1,1,T039_70;Stilts;Strobe;Strobe_II;Sunflower,pca64_k1
678,data/T039_70/678.jpg,T039_70,T039_70,1,1,T039_70;Stilts;Strobe;Strobe_II;Sunflower,pca64_k1
933,data/T044/933.jpg,T044,T044,1,1,T044;Aztec;Stilts;Strobe;Strobe_II,pca64_k1
1096,data/T045/1096.jpg,T045,T045,1,1,T045;Aztec;Stilts;Strobe;Strobe_II,pca64_k1
362,data/T047x/362.jpg,T047x,T047x,1,1,T047x;Aztec;Stilts;Strobe;Strobe_II,pca64_k1
322,data/T066/322.jpg,T066,Cruella,0,0,Cruella;Aztec;Strobe;Strobe_II;Sunflower,pca64_k1
634,data/T066/634.jpg,T066,T066,1,1,T066;Aztec;Stilts;Strobe;Strobe_II,pca64_k1
353,data/T103x/353.jpg,T103x,T103x,1,1,T103x;Aztec;Stilts;Strobe;Strobe_II,pca64_k1
345,data/T104/345.jpg,T104,T104,1,1,T104;Aztec;Stilts;Strobe;Strobe_II,pca64_k1
893,data/T117/893.jpg,T117,T117,1,1,T117;Aztec;Stilts;Strobe;Strobe_II,pca64_k1
659,data/T117/659.jpg,T117,Cruella,0,0,Cruella;Aztec;Strobe;Strobe_II;Sunflower,pca64_k1
491,data/T117/491.jpg,T117,Shingles,0,0,Shingles;Stilts;Strobe;Strobe_II;Sunflower,pca64_k1
923,data/T117/923.jpg,T117,T117,1,1,T117;Aztec;Stilts;Strobe;Strobe_II,pca64_k1
946,data/T117/946.jpg,T117,T117,1,1,T117;Aztec;Stilts;Strobe;Strobe_II,pca64_k1
750,data/T117/750.jpg,T117,T117,1,1,T117;Aztec;Stilts;Strobe;Strobe_II,pca64_k1
817,data/T117/817.jpg,T117,Cruella,0,0,Cruella;Aztec;Strobe;Strobe_II;Sunflower,pca64_k1
1102,data/T122/1102.jpg,T122,T122,1,1,T122;Stilts;Strobe;Strobe_II;Sunflower,pca64_k1
1107,data/T122/1107.jpg,T122,T122,1,1,T122;Stilts;Strobe;Strobe_II;Sunflower,pca64_k1
562,data/Wishbone/562.jpg,Wishbone,Wishbone,1,1,Wishbone;Stilts;Strobe;Strobe_II;Sunflower,pca64_k1
