capture_id,turtle_name,file_path,category,media_type,confidence,split
784,Aztec,data/Aztec/784.jpg,carapace,photo,high,train
1019,Aztec,data/Aztec/1019.jpg,carapace,photo,high,train
783,Aztec,data/Aztec/783.jpg,carapace,photo,high,train
782,Aztec,data/Aztec/782.jpg,carapace,photo,high,train
1020,Aztec,data/Aztec/1020.jpg,carapace,photo,high,train
1018,Aztec,data/Aztec/1018.jpg,carapace,photo,high,train
421,Aztec,data/Aztec/421.jpg,carapace,photo,high,train
263,Aztec,data/Aztec/263.jpg,carapace,photo,high,train
829,Aztec,data/Aztec/829.jpg,carapace,photo,high,train
418,Aztec,data/Aztec/418.jpg,carapace,photo,high,train
419,Aztec,data/Aztec/419.jpg,carapace,photo,high,train
831,Aztec,data/Aztec/831.jpg,carapace,photo,high,valid
261,Aztec,data/Aztec/261.jpg,carapace,photo,high,valid
262,Aztec,data/Aztec/262.jpg,carapace,photo,high,test
830,Aztec,data/Aztec/830.jpg,carapace,photo,high,test
952,Bubbles,data/Bubbles/952.jpg,carapace,photo,high,train
951,Bubbles,data/Bubbles/951.jpg,carapace,photo,high,train
303,Bubbles,data/Bubbles/303.jpg,carapace,photo,high,train
979,Bubbles,data/Bubbles/979.jpg,carapace,photo,high,train
953,Bubbles,data/Bubbles/953.jpg,carapace,photo,high,train
302,Bubbles,data/Bubbles/302.jpg,carapace,photo,high,train
980,Bubbles,data/Bubbles/980.jpg,carapace,photo,high,train
981,Bubbles,data/Bubbles/981.jpg,carapace,photo,high,valid
301,Bubbles,data/Bubbles/301.jpg,carapace,photo,high,test
433,Chopsticks,data/Chopsticks/433.jpg,carapace,photo,high,train
949,Chopsticks,data/Chopsticks/949.jpg,carapace,photo,high,train
431,Chopsticks,data/Chopsticks/431.jpg,carapace,photo,high,train
429,Chopsticks,data/Chopsticks/429.jpg,carapace,photo,high,train
950,Chopsticks,data/Chopsticks/950.jpg,carapace,photo,high,train
281,Chopsticks,data/Chopsticks/281.jpg,carapace,photo,high,train
434,Chopsticks,data/Chopsticks/434.jpg,carapace,photo,high,train
285,Chopsticks,data/Chopsticks/285.jpg,carapace,photo,high,train
287,Chopsticks,data/Chopsticks/287.jpg,carapace,photo,high,train
282,Chopsticks,data/Chopsticks/282.jpg,carapace,photo,high,train
280,Chopsticks,data/Chopsticks/280.jpg,carapace,photo,high,train
284,Chopsticks,data/Chopsticks/284.jpg,carapace,photo,high,train
430,Chopsticks,data/Chopsticks/430.jpg,carapace,photo,high,valid
288,Chopsticks,data/Chopsticks/288.jpg,carapace,photo,high,valid
283,Chopsticks,data/Chopsticks/283.jpg,carapace,photo,high,test
948,Chopsticks,data/Chopsticks/948.jpg,carapace,photo,high,test
443,Compass,data/Compass/443.jpg,carapace,photo,high,train
522,Compass,data/Compass/522.jpg,carapace,photo,high,train
843,Compass,data/Compass/843.jpg,carapace,photo,high,train
841,Compass,data/Compass/841.jpg,carapace,photo,high,train
445,Compass,data/Compass/445.jpg,carapace,photo,high,train
576,Compass,data/Compass/576.jpg,carapace,photo,high,train
511,Compass,data/Compass/511.jpg,carapace,photo,high,train
1129,Compass,data/Compass/1129.jpg,carapace,photo,high,train
477,Compass,data/Compass/477.jpg,carapace,photo,high,train
404,Compass,data/Compass/404.jpg,carapace,photo,high,train
577,Compass,data/Compass/577.jpg,carapace,photo,high,train
450,Compass,data/Compass/450.jpg,carapace,photo,high,train
272,Compass,data/Compass/272.jpg,carapace,photo,high,train
795,Compass,data/Compass/795.jpg,carapace,photo,high,train
512,Compass,data/Compass/512.jpg,carapace,photo,high,train
1128,Compass,data/Compass/1128.jpg,carapace,photo,high,train
842,Compass,data/Compass/842.jpg,carapace,photo,high,train
449,Compass,data/Compass/449.jpg,carapace,photo,high,train
1127,Compass,data/Compass/1127.jpg,carapace,photo,high,train
274,Compass,data/Compass/274.jpg,carapace,photo,high,train
475,Compass,data/Compass/475.jpg,carapace,photo,high,train
403,Compass,data/Compass/403.jpg,carapace,photo,high,train
521,Compass,data/Compass/521.jpg,carapace,photo,high,train
510,Compass,data/Compass/510.jpg,carapace,photo,high,train
579,Compass,data/Compass/579.jpg,carapace,photo,high,valid
273,Compass,data/Compass/273.jpg,carapace,photo,high,valid
794,Compass,data/Compass/794.jpg,carapace,photo,high,valid
446,Compass,data/Compass/446.jpg,carapace,photo,high,valid
523,Compass,data/Compass/523.jpg,carapace,photo,high,valid
451,Compass,data/Compass/451.jpg,carapace,photo,high,test
796,Compass,data/Compass/796.jpg,carapace,photo,high,test
578,Compass,data/Compass/578.jpg,carapace,photo,high,test
444,Compass,data/Compass/444.jpg,carapace,photo,high,test
776,Compass,data/Compass/776.jpg,carapace,photo,high,test
611,Cruella,data/Cruella/611.jpg,carapace,photo,high,train
509,Cruella,data/Cruella/509.jpg,carapace,photo,high,train
440,Cruella,data/Cruella/440.jpg,carapace,photo,high,train
879,Cruella,data/Cruella/879.jpg,carapace,photo,high,train
855,Cruella,data/Cruella/855.jpg,carapace,photo,high,train
525,Cruella,data/Cruella/525.jpg,carapace,photo,high,train
407,Cruella,data/Cruella/407.jpg,carapace,photo,high,train
709,Cruella,data/Cruella/709.jpg,carapace,photo,high,train
612,Cruella,data/Cruella/612.jpg,carapace,photo,high,train
327,Cruella,data/Cruella/327.jpg,carapace,photo,high,train
1123,Cruella,data/Cruella/1123.jpg,carapace,photo,high,train
1084,Cruella,data/Cruella/1084.jpg,carapace,photo,high,train
1030,Cruella,data/Cruella/1030.jpg,carapace,photo,high,train
791,Cruella,data/Cruella/791.jpg,carapace,photo,high,train
721,Cruella,data/Cruella/721.jpg,carapace,photo,high,train
711,Cruella,data/Cruella/711.jpg,carapace,photo,high,train
442,Cruella,data/Cruella/442.jpg,carapace,photo,high,train
1046,Cruella,data/Cruella/1046.jpg,carapace,photo,high,train
811,Cruella,data/Cruella/811.jpg,carapace,photo,high,train
333,Cruella,data/Cruella/333.jpg,carapace,photo,high,train
812,Cruella,data/Cruella/812.jpg,carapace,photo,high,train
689,Cruella,data/Cruella/689.jpg,carapace,photo,high,train
963,Cruella,data/Cruella/963.jpg,carapace,photo,high,train
328,Cruella,data/Cruella/328.jpg,carapace,photo,high,train
613,Cruella,data/Cruella/613.jpg,carapace,photo,high,train
964,Cruella,data/Cruella/964.jpg,carapace,photo,high,train
1101,Cruella,data/Cruella/1101.jpg,carapace,photo,high,train
712,Cruella,data/Cruella/712.jpg,carapace,photo,high,train
1124,Cruella,data/Cruella/1124.jpg,carapace,photo,high,train
408,Cruella,data/Cruella/408.jpg,carapace,photo,high,train
441,Cruella,data/Cruella/441.jpg,carapace,photo,high,train
792,Cruella,data/Cruella/792.jpg,carapace,photo,high,train
688,Cruella,data/Cruella/688.jpg,carapace,photo,high,train
1028,Cruella,data/Cruella/1028.jpg,carapace,photo,high,train
498,Cruella,data/Cruella/498.jpg,carapace,photo,high,train
409,Cruella,data/Cruella/409.jpg,carapace,photo,high,train
507,Cruella,data/Cruella/507.jpg,carapace,photo,high,train
1099,Cruella,data/Cruella/1099.jpg,carapace,photo,high,train
708,Cruella,data/Cruella/708.jpg,carapace,photo,high,train
1125,Cruella,data/Cruella/1125.jpg,carapace,photo,high,train
1082,Cruella,data/Cruella/1082.jpg,carapace,photo,high,train
1047,Cruella,data/Cruella/1047.jpg,carapace,photo,high,train
1069,Cruella,data/Cruella/1069.jpg,carapace,photo,high,train
720,Cruella,data/Cruella/720.jpg,carapace,photo,high,train
496,Cruella,data/Cruella/496.jpg,carapace,photo,high,train
332,Cruella,data/Cruella/332.jpg,carapace,photo,high,train
1068,Cruella,data/Cruella/1068.jpg,carapace,photo,high,train
614,Cruella,data/Cruella/614.jpg,carapace,photo,high,train
1027,Cruella,data/Cruella/1027.jpg,carapace,photo,high,train
329,Cruella,data/Cruella/329.jpg,carapace,photo,high,train
1029,Cruella,data/Cruella/1029.jpg,carapace,photo,high,train
331,Cruella,data/Cruella/331.jpg,carapace,photo,high,train
966,Cruella,data/Cruella/966.jpg,carapace,photo,high,valid
858,Cruella,data/Cruella/858.jpg,carapace,photo,high,valid
965,Cruella,data/Cruella/965.jpg,carapace,photo,high,valid
1081,Cruella,data/Cruella/1081.jpg,carapace,photo,high,valid
813,Cruella,data/Cruella/813.jpg,carapace,photo,high,valid
497,Cruella,data/Cruella/497.jpg,carapace,photo,high,valid
719,Cruella,data/Cruella/719.jpg,carapace,photo,high,valid
814,Cruella,data/Cruella/814.jpg,carapace,photo,high,valid
793,Cruella,data/Cruella/793.jpg,carapace,photo,high,valid
1080,Cruella,data/Cruella/1080.jpg,carapace,photo,high,valid
508,Cruella,data/Cruella/508.jpg,carapace,photo,high,valid
857,Cruella,data/Cruella/857.jpg,carapace,photo,high,test
1045,Cruella,data/Cruella/1045.jpg,carapace,photo,high,test
1139,Cruella,data/Cruella/1139.jpg,carapace,photo,high,test
710,Cruella,data/Cruella/710.jpg,carapace,photo,high,test
610,Cruella,data/Cruella/610.jpg,carapace,photo,high,test
439,Cruella,data/Cruella/439.jpg,carapace,photo,high,test
718,Cruella,data/Cruella/718.jpg,carapace,photo,high,test
687,Cruella,data/Cruella/687.jpg,carapace,photo,high,test
854,Cruella,data/Cruella/854.jpg,carapace,photo,high,test
856,Cruella,data/Cruella/856.jpg,carapace,photo,high,test
572,Cruella,data/Cruella/572.jpg,carapace,photo,high,test
762,D.E.P.,data/D.E.P./762.jpg,carapace,photo,high,train
299,D.E.P.,data/D.E.P./299.jpg,carapace,photo,high,train
296,D.E.P.,data/D.E.P./296.jpg,carapace,photo,high,train
685,D.E.P.,data/D.E.P./685.jpg,carapace,photo,high,train
631,D.E.P.,data/D.E.P./631.jpg,carapace,photo,high,train
861,D.E.P.,data/D.E.P./861.jpg,carapace,photo,high,train
935,D.E.P.,data/D.E.P./935.jpg,carapace,photo,high,train
760,D.E.P.,data/D.E.P./760.jpg,carapace,photo,high,train
1183,D.E.P.,data/D.E.P./1183.jpg,carapace,photo,high,train
684,D.E.P.,data/D.E.P./684.jpg,carapace,photo,high,train
939,D.E.P.,data/D.E.P./939.jpg,carapace,photo,high,train
1184,D.E.P.,data/D.E.P./1184.jpg,carapace,photo,high,train
759,D.E.P.,data/D.E.P./759.jpg,carapace,photo,high,train
937,D.E.P.,data/D.E.P./937.jpg,carapace,photo,high,train
297,D.E.P.,data/D.E.P./297.jpg,carapace,photo,high,train
630,D.E.P.,data/D.E.P./630.jpg,carapace,photo,high,train
936,D.E.P.,data/D.E.P./936.jpg,carapace,photo,high,train
683,D.E.P.,data/D.E.P./683.jpg,carapace,photo,high,train
298,D.E.P.,data/D.E.P./298.jpg,carapace,photo,high,train
938,D.E.P.,data/D.E.P./938.jpg,carapace,photo,high,train
1185,D.E.P.,data/D.E.P./1185.jpg,carapace,photo,high,valid
860,D.E.P.,data/D.E.P./860.jpg,carapace,photo,high,valid
682,D.E.P.,data/D.E.P./682.jpg,carapace,photo,high,valid
941,D.E.P.,data/D.E.P./941.jpg,carapace,photo,high,valid
940,D.E.P.,data/D.E.P./940.jpg,carapace,photo,high,test
295,D.E.P.,data/D.E.P./295.jpg,carapace,photo,high,test
761,D.E.P.,data/D.E.P./761.jpg,carapace,photo,high,test
300,D.E.P.,data/D.E.P./300.jpg,carapace,photo,high,test
349,Emoji,data/Emoji/349.jpg,carapace,photo,high,train
350,Emoji,data/Emoji/350.jpg,carapace,photo,high,train
351,Emoji,data/Emoji/351.jpg,carapace,photo,high,valid
348,Emoji,data/Emoji/348.jpg,carapace,photo,high,test
360,Esther,data/Esther/360.jpg,carapace,photo,high,train
997,Esther,data/Esther/997.jpg,carapace,photo,high,train
457,Esther,data/Esther/457.jpg,carapace,photo,high,train
358,Esther,data/Esther/358.jpg,carapace,photo,high,train
780,Esther,data/Esther/780.jpg,carapace,photo,high,train
486,Esther,data/Esther/486.jpg,carapace,photo,high,train
487,Esther,data/Esther/487.jpg,carapace,photo,high,train
779,Esther,data/Esther/779.jpg,carapace,photo,high,train
456,Esther,data/Esther/456.jpg,carapace,photo,high,train
781,Esther,data/Esther/781.jpg,carapace,photo,high,train
556,Esther,data/Esther/556.jpg,carapace,photo,high,train
488,Esther,data/Esther/488.jpg,carapace,photo,high,train
489,Esther,data/Esther/489.jpg,carapace,photo,high,train
558,Esther,data/Esther/558.jpg,carapace,photo,high,train
392,Esther,data/Esther/392.jpg,carapace,photo,high,train
529,Esther,data/Esther/529.jpg,carapace,photo,high,train
485,Esther,data/Esther/485.jpg,carapace,photo,high,train
394,Esther,data/Esther/394.jpg,carapace,photo,high,train
916,Esther,data/Esther/916.jpg,carapace,photo,high,train
996,Esther,data/Esther/996.jpg,carapace,photo,high,valid
896,Esther,data/Esther/896.jpg,carapace,photo,high,valid
393,Esther,data/Esther/393.jpg,carapace,photo,high,valid
667,Esther,data/Esther/667.jpg,carapace,photo,high,valid
1186,Esther,data/Esther/1186.jpg,carapace,photo,high,test
557,Esther,data/Esther/557.jpg,carapace,photo,high,test
995,Esther,data/Esther/995.jpg,carapace,photo,high,test
388,Esther,data/Esther/388.jpg,carapace,photo,high,test
910,Faded_Flower,data/Faded_Flower/910.jpg,carapace,photo,high,train
911,Faded_Flower,data/Faded_Flower/911.jpg,carapace,photo,high,train
912,Faded_Flower,data/Faded_Flower/912.jpg,carapace,photo,high,train
339,Faded_Flower,data/Faded_Flower/339.jpg,carapace,photo,high,train
913,Faded_Flower,data/Faded_Flower/913.jpg,carapace,photo,high,train
340,Faded_Flower,data/Faded_Flower/340.jpg,carapace,photo,high,valid
338,Faded_Flower,data/Faded_Flower/338.jpg,carapace,photo,high,test
249,Fist,data/Fist/249.jpg,carapace,photo,high,train
250,Fist,data/Fist/250.jpg,carapace,photo,high,train
695,Fist,data/Fist/695.jpg,carapace,photo,high,train
696,Fist,data/Fist/696.jpg,carapace,photo,high,train
697,Fist,data/Fist/697.jpg,carapace,photo,high,valid
248,Fist,data/Fist/248.jpg,carapace,photo,high,test
865,Flower,data/Flower/865.jpg,carapace,photo,high,train
1017,Flower,data/Flower/1017.jpg,carapace,photo,high,train
745,Flower,data/Flower/745.jpg,carapace,photo,high,train
674,Flower,data/Flower/674.jpg,carapace,photo,high,train
216,Flower,data/Flower/216.jpg,carapace,photo,high,train
864,Flower,data/Flower/864.jpg,carapace,photo,high,train
640,Flower,data/Flower/640.jpg,carapace,photo,high,train
499,Flower,data/Flower/499.jpg,carapace,photo,high,train
377,Flower,data/Flower/377.jpg,carapace,photo,high,train
639,Flower,data/Flower/639.jpg,carapace,photo,high,train
501,Flower,data/Flower/501.jpg,carapace,photo,high,train
1016,Flower,data/Flower/1016.jpg,carapace,photo,high,train
375,Flower,data/Flower/375.jpg,carapace,photo,high,train
742,Flower,data/Flower/742.jpg,carapace,photo,high,train
638,Flower,data/Flower/638.jpg,carapace,photo,high,train
675,Flower,data/Flower/675.jpg,carapace,photo,high,train
863,Flower,data/Flower/863.jpg,carapace,photo,high,train
744,Flower,data/Flower/744.jpg,carapace,photo,high,train
376,Flower,data/Flower/376.jpg,carapace,photo,high,train
673,Flower,data/Flower/673.jpg,carapace,photo,high,train
435,Flower,data/Flower/435.jpg,carapace,photo,high,train
662,Flower,data/Flower/662.jpg,carapace,photo,high,valid
743,Flower,data/Flower/743.jpg,carapace,photo,high,valid
437,Flower,data/Flower/437.jpg,carapace,photo,high,valid
436,Flower,data/Flower/436.jpg,carapace,photo,high,valid
664,Flower,data/Flower/664.jpg,carapace,photo,high,valid
218,Flower,data/Flower/218.jpg,carapace,photo,high,test
500,Flower,data/Flower/500.jpg,carapace,photo,high,test
867,Flower,data/Flower/867.jpg,carapace,photo,high,test
217,Flower,data/Flower/217.jpg,carapace,photo,high,test
1015,Flower,data/Flower/1015.jpg,carapace,photo,high,test
267,Flower_2,data/Flower_2/267.jpg,carapace,photo,high,train
265,Flower_2,data/Flower_2/265.jpg,carapace,photo,high,train
702,Flower_2,data/Flower_2/702.jpg,carapace,photo,high,train
271,Flower_2,data/Flower_2/271.jpg,carapace,photo,high,train
699,Flower_2,data/Flower_2/699.jpg,carapace,photo,high,train
269,Flower_2,data/Flower_2/269.jpg,carapace,photo,high,train
701,Flower_2,data/Flower_2/701.jpg,carapace,photo,high,train
700,Flower_2,data/Flower_2/700.jpg,carapace,photo,high,train
268,Flower_2,data/Flower_2/268.jpg,carapace,photo,high,valid
266,Flower_2,data/Flower_2/266.jpg,carapace,photo,high,valid
270,Flower_2,data/Flower_2/270.jpg,carapace,photo,high,test
765,Flower_2,data/Flower_2/765.jpg,carapace,photo,high,test
536,Glyph,data/Glyph/536.jpg,carapace,photo,high,train
211,Glyph,data/Glyph/211.jpg,carapace,photo,high,train
573,Glyph,data/Glyph/573.jpg,carapace,photo,high,train
534,Glyph,data/Glyph/534.jpg,carapace,photo,high,train
575,Glyph,data/Glyph/575.jpg,carapace,photo,high,train
399,Glyph,data/Glyph/399.jpg,carapace,photo,high,train
209,Glyph,data/Glyph/209.jpg,carapace,photo,high,train
537,Glyph,data/Glyph/537.jpg,carapace,photo,high,train
574,Glyph,data/Glyph/574.jpg,carapace,photo,high,train
210,Glyph,data/Glyph/210.jpg,carapace,photo,high,valid
397,Glyph,data/Glyph/397.jpg,carapace,photo,high,valid
535,Glyph,data/Glyph/535.jpg,carapace,photo,high,test
398,Glyph,data/Glyph/398.jpg,carapace,photo,high,test
247,Jazzy,data/Jazzy/247.jpg,carapace,photo,high,train
901,Jazzy,data/Jazzy/901.jpg,carapace,photo,high,train
245,Jazzy,data/Jazzy/245.jpg,carapace,photo,high,train
607,Jazzy,data/Jazzy/607.jpg,carapace,photo,high,train
608,Jazzy,data/Jazzy/608.jpg,carapace,photo,high,train
606,Jazzy,data/Jazzy/606.jpg,carapace,photo,high,valid
246,Jazzy,data/Jazzy/246.jpg,carapace,photo,high,test
1150,Jigsaw,data/Jigsaw/1150.jpg,carapace,photo,high,train
1152,Jigsaw,data/Jigsaw/1152.jpg,carapace,photo,high,train
336,Jigsaw,data/Jigsaw/336.jpg,carapace,photo,high,train
706,Jigsaw,data/Jigsaw/706.jpg,carapace,photo,high,train
820,Jigsaw,data/Jigsaw/820.jpg,carapace,photo,high,train
976,Jigsaw,data/Jigsaw/976.jpg,carapace,photo,high,train
819,Jigsaw,data/Jigsaw/819.jpg,carapace,photo,high,train
539,Jigsaw,data/Jigsaw/539.jpg,carapace,photo,high,train
971,Jigsaw,data/Jigsaw/971.jpg,carapace,photo,high,train
972,Jigsaw,data/Jigsaw/972.jpg,carapace,photo,high,train
473,Jigsaw,data/Jigsaw/473.jpg,carapace,photo,high,train
1007,Jigsaw,data/Jigsaw/1007.jpg,carapace,photo,high,train
540,Jigsaw,data/Jigsaw/540.jpg,carapace,photo,high,train
585,Jigsaw,data/Jigsaw/585.jpg,carapace,photo,high,train
1006,Jigsaw,data/Jigsaw/1006.jpg,carapace,photo,high,train
335,Jigsaw,data/Jigsaw/335.jpg,carapace,photo,high,train
801,Jigsaw,data/Jigsaw/801.jpg,carapace,photo,high,train
929,Jigsaw,data/Jigsaw/929.jpg,carapace,photo,high,train
538,Jigsaw,data/Jigsaw/538.jpg,carapace,photo,high,train
472,Jigsaw,data/Jigsaw/472.jpg,carapace,photo,high,train
747,Jigsaw,data/Jigsaw/747.jpg,carapace,photo,high,train
821,Jigsaw,data/Jigsaw/821.jpg,carapace,photo,high,train
749,Jigsaw,data/Jigsaw/749.jpg,carapace,photo,high,train
925,Jigsaw,data/Jigsaw/925.jpg,carapace,photo,high,train
846,Jigsaw,data/Jigsaw/846.jpg,carapace,photo,high,train
722,Jigsaw,data/Jigsaw/722.jpg,carapace,photo,high,valid
583,Jigsaw,data/Jigsaw/583.jpg,carapace,photo,high,valid
724,Jigsaw,data/Jigsaw/724.jpg,carapace,photo,high,valid
975,Jigsaw,data/Jigsaw/975.jpg,carapace,photo,high,valid
927,Jigsaw,data/Jigsaw/927.jpg,carapace,photo,high,valid
974,Jigsaw,data/Jigsaw/974.jpg,carapace,photo,high,valid
748,Jigsaw,data/Jigsaw/748.jpg,carapace,photo,high,test
1008,Jigsaw,data/Jigsaw/1008.jpg,carapace,photo,high,test
334,Jigsaw,data/Jigsaw/334.jpg,carapace,photo,high,test
926,Jigsaw,data/Jigsaw/926.jpg,carapace,photo,high,test
584,Jigsaw,data/Jigsaw/584.jpg,carapace,photo,high,test
337,Jigsaw,data/Jigsaw/337.jpg,carapace,photo,high,test
1156,Juvenile,data/Juvenile/1156.jpg,carapace,photo,high,train
1155,Juvenile,data/Juvenile/1155.jpg,carapace,photo,high,train
1154,Juvenile,data/Juvenile/1154.jpg,carapace,photo,high,train
802,Juvenile,data/Juvenile/802.jpg,carapace,photo,high,valid
1153,Juvenile,data/Juvenile/1153.jpg,carapace,photo,high,test
195,Lotus,data/Lotus/195.jpg,carapace,photo,high,train
1162,Lotus,data/Lotus/1162.jpg,carapace,photo,high,train
1158,Lotus,data/Lotus/1158.jpg,carapace,photo,high,train
370,Lotus,data/Lotus/370.jpg,carapace,photo,high,train
555,Lotus,data/Lotus/555.jpg,carapace,photo,high,train
888,Lotus,data/Lotus/888.jpg,carapace,photo,high,train
889,Lotus,data/Lotus/889.jpg,carapace,photo,high,train
716,Lotus,data/Lotus/716.jpg,carapace,photo,high,train
1159,Lotus,data/Lotus/1159.jpg,carapace,photo,high,train
200,Lotus,data/Lotus/200.jpg,carapace,photo,high,train
369,Lotus,data/Lotus/369.jpg,carapace,photo,high,train
373,Lotus,data/Lotus/373.jpg,carapace,photo,high,train
731,Lotus,data/Lotus/731.jpg,carapace,photo,high,train
374,Lotus,data/Lotus/374.jpg,carapace,photo,high,train
554,Lotus,data/Lotus/554.jpg,carapace,photo,high,train
715,Lotus,data/Lotus/715.jpg,carapace,photo,high,train
197,Lotus,data/Lotus/197.jpg,carapace,photo,high,valid
196,Lotus,data/Lotus/196.jpg,carapace,photo,high,valid
1161,Lotus,data/Lotus/1161.jpg,carapace,photo,high,valid
890,Lotus,data/Lotus/890.jpg,carapace,photo,high,valid
199,Lotus,data/Lotus/199.jpg,carapace,photo,high,test
714,Lotus,data/Lotus/714.jpg,carapace,photo,high,test
371,Lotus,data/Lotus/371.jpg,carapace,photo,high,test
1160,Lotus,data/Lotus/1160.jpg,carapace,photo,high,test
1033,Rooster,data/Rooster/1033.jpg,carapace,photo,high,train
311,Rooster,data/Rooster/311.jpg,carapace,photo,high,train
1031,Rooster,data/Rooster/1031.jpg,carapace,photo,high,train
1035,Rooster,data/Rooster/1035.jpg,carapace,photo,high,train
1034,Rooster,data/Rooster/1034.jpg,carapace,photo,high,train
483,Rooster,data/Rooster/483.jpg,carapace,photo,high,train
482,Rooster,data/Rooster/482.jpg,carapace,photo,high,train
309,Rooster,data/Rooster/309.jpg,carapace,photo,high,valid
310,Rooster,data/Rooster/310.jpg,carapace,photo,high,valid
484,Rooster,data/Rooster/484.jpg,carapace,photo,high,test
1032,Rooster,data/Rooster/1032.jpg,carapace,photo,high,test
326,Rooster_II,data/Rooster_II/326.jpg,carapace,photo,high,train
740,Rooster_II,data/Rooster_II/740.jpg,carapace,photo,high,train
739,Rooster_II,data/Rooster_II/739.jpg,carapace,photo,high,train
1013,Rooster_II,data/Rooster_II/1013.jpg,carapace,photo,high,train
1014,Rooster_II,data/Rooster_II/1014.jpg,carapace,photo,high,train
324,Rooster_II,data/Rooster_II/324.jpg,carapace,photo,high,train
323,Rooster_II,data/Rooster_II/323.jpg,carapace,photo,high,train
738,Rooster_II,data/Rooster_II/738.jpg,carapace,photo,high,valid
325,Rooster_II,data/Rooster_II/325.jpg,carapace,photo,high,valid
737,Rooster_II,data/Rooster_II/737.jpg,carapace,photo,high,test
1012,Rooster_II,data/Rooster_II/1012.jpg,carapace,photo,high,test
1118,Shingles,data/Shingles/1118.jpg,carapace,photo,high,train
1049,Shingles,data/Shingles/1049.jpg,carapace,photo,high,train
1036,Shingles,data/Shingles/1036.jpg,carapace,photo,high,train
193,Shingles,data/Shingles/193.jpg,carapace,photo,high,train
602,Shingles,data/Shingles/602.jpg,carapace,photo,high,train
190,Shingles,data/Shingles/190.jpg,carapace,photo,high,train
516,Shingles,data/Shingles/516.jpg,carapace,photo,high,train
603,Shingles,data/Shingles/603.jpg,carapace,photo,high,train
671,Shingles,data/Shingles/671.jpg,carapace,photo,high,train
754,Shingles,data/Shingles/754.jpg,carapace,photo,high,train
757,Shingles,data/Shingles/757.jpg,carapace,photo,high,train
189,Shingles,data/Shingles/189.jpg,carapace,photo,high,train
1180,Shingles,data/Shingles/1180.jpg,carapace,photo,high,train
669,Shingles,data/Shingles/669.jpg,carapace,photo,high,train
1038,Shingles,data/Shingles/1038.jpg,carapace,photo,high,train
725,Shingles,data/Shingles/725.jpg,carapace,photo,high,train
726,Shingles,data/Shingles/726.jpg,carapace,photo,high,train
1050,Shingles,data/Shingles/1050.jpg,carapace,photo,high,train
756,Shingles,data/Shingles/756.jpg,carapace,photo,high,train
601,Shingles,data/Shingles/601.jpg,carapace,photo,high,train
1171,Shingles,data/Shingles/1171.jpg,carapace,photo,high,train
1177,Shingles,data/Shingles/1177.jpg,carapace,photo,high,train
518,Shingles,data/Shingles/518.jpg,carapace,photo,high,train
1121,Shingles,data/Shingles/1121.jpg,carapace,photo,high,train
192,Shingles,data/Shingles/192.jpg,carapace,photo,high,train
727,Shingles,data/Shingles/727.jpg,carapace,photo,high,train
1037,Shingles,data/Shingles/1037.jpg,carapace,photo,high,valid
1120,Shingles,data/Shingles/1120.jpg,carapace,photo,high,valid
1119,Shingles,data/Shingles/1119.jpg,carapace,photo,high,valid
191,Shingles,data/Shingles/191.jpg,carapace,photo,high,valid
1122,Shingles,data/Shingles/1122.jpg,carapace,photo,high,valid
517,Shingles,data/Shingles/517.jpg,carapace,photo,high,valid
194,Shingles,data/Shingles/194.jpg,carapace,photo,high,test
1179,Shingles,data/Shingles/1179.jpg,carapace,photo,high,test
188,Shingles,data/Shingles/188.jpg,carapace,photo,high,test
1172,Shingles,data/Shingles/1172.jpg,carapace,photo,high,test
755,Shingles,data/Shingles/755.jpg,carapace,photo,high,test
1173,Shingles,data/Shingles/1173.jpg,carapace,photo,high,test
455,Spikey,data/Spikey/455.jpg,carapace,photo,high,train
453,Spikey,data/Spikey/453.jpg,carapace,photo,high,train
1000,Spikey,data/Spikey/1000.jpg,carapace,photo,high,train
788,Spikey,data/Spikey/788.jpg,carapace,photo,high,train
790,Spikey,data/Spikey/790.jpg,carapace,photo,high,train
1058,Spikey,data/Spikey/1058.jpg,carapace,photo,high,train
215,Spikey,data/Spikey/215.jpg,carapace,photo,high,train
1002,Spikey,data/Spikey/1002.jpg,carapace,photo,high,train
454,Spikey,data/Spikey/454.jpg,carapace,photo,high,train
1057,Spikey,data/Spikey/1057.jpg,carapace,photo,high,train
789,Spikey,data/Spikey/789.jpg,carapace,photo,high,train
214,Spikey,data/Spikey/214.jpg,carapace,photo,high,train
1001,Spikey,data/Spikey/1001.jpg,carapace,photo,high,valid
1056,Spikey,data/Spikey/1056.jpg,carapace,photo,high,valid
213,Spikey,data/Spikey/213.jpg,carapace,photo,high,valid
212,Spikey,data/Spikey/212.jpg,carapace,photo,high,test
1055,Spikey,data/Spikey/1055.jpg,carapace,photo,high,test
1149,Spikey,data/Spikey/1149.jpg,carapace,photo,high,test
1093,Stilts,data/Stilts/1093.jpg,carapace,photo,high,train
365,Stilts,data/Stilts/365.jpg,carapace,photo,high,train
1095,Stilts,data/Stilts/1095.jpg,carapace,photo,high,train
366,Stilts,data/Stilts/366.jpg,carapace,photo,high,valid
367,Stilts,data/Stilts/367.jpg,carapace,photo,high,test
1109,Strobe,data/Strobe/1109.jpg,carapace,photo,high,train
241,Strobe,data/Strobe/241.jpg,carapace,photo,high,train
243,Strobe,data/Strobe/243.jpg,carapace,photo,high,train
242,Strobe,data/Strobe/242.jpg,carapace,photo,high,valid
240,Strobe,data/Strobe/240.jpg,carapace,photo,high,test
381,Strobe_II,data/Strobe_II/381.jpg,carapace,photo,high,train
317,Strobe_II,data/Strobe_II/317.jpg,carapace,photo,high,train
315,Strobe_II,data/Strobe_II/315.jpg,carapace,photo,high,train
383,Strobe_II,data/Strobe_II/383.jpg,carapace,photo,high,train
316,Strobe_II,data/Strobe_II/316.jpg,carapace,photo,high,valid
382,Strobe_II,data/Strobe_II/382.jpg,carapace,photo,high,test
1072,Sunflower,data/Sunflower/1072.jpg,carapace,photo,high,train
956,Sunflower,data/Sunflower/956.jpg,carapace,photo,high,train
1024,Sunflower,data/Sunflower/1024.jpg,carapace,photo,high,train
905,Sunflower,data/Sunflower/905.jpg,carapace,photo,high,train
203,Sunflower,data/Sunflower/203.jpg,carapace,photo,high,train
643,Sunflower,data/Sunflower/643.jpg,carapace,photo,high,train
955,Sunflower,data/Sunflower/955.jpg,carapace,photo,high,train
1167,Sunflower,data/Sunflower/1167.jpg,carapace,photo,high,train
594,Sunflower,data/Sunflower/594.jpg,carapace,photo,high,train
769,Sunflower,data/Sunflower/769.jpg,carapace,photo,high,train
1074,Sunflower,data/Sunflower/1074.jpg,carapace,photo,high,train
1070,Sunflower,data/Sunflower/1070.jpg,carapace,photo,high,train
564,Sunflower,data/Sunflower/564.jpg,carapace,photo,high,train
1071,Sunflower,data/Sunflower/1071.jpg,carapace,photo,high,train
993,Sunflower,data/Sunflower/993.jpg,carapace,photo,high,train
1025,Sunflower,data/Sunflower/1025.jpg,carapace,photo,high,train
201,Sunflower,data/Sunflower/201.jpg,carapace,photo,high,train
954,Sunflower,data/Sunflower/954.jpg,carapace,photo,high,train
992,Sunflower,data/Sunflower/992.jpg,carapace,photo,high,train
595,Sunflower,data/Sunflower/595.jpg,carapace,photo,high,train
1168,Sunflower,data/Sunflower/1168.jpg,carapace,photo,high,train
770,Sunflower,data/Sunflower/770.jpg,carapace,photo,high,train
566,Sunflower,data/Sunflower/566.jpg,carapace,photo,high,train
593,Sunflower,data/Sunflower/593.jpg,carapace,photo,high,train
1073,Sunflower,data/Sunflower/1073.jpg,carapace,photo,high,train
1169,Sunflower,data/Sunflower/1169.jpg,carapace,photo,high,train
768,Sunflower,data/Sunflower/768.jpg,carapace,photo,high,valid
205,Sunflower,data/Sunflower/205.jpg,carapace,photo,high,valid
958,Sunflower,data/Sunflower/958.jpg,carapace,photo,high,valid
1022,Sunflower,data/Sunflower/1022.jpg,carapace,photo,high,valid
565,Sunflower,data/Sunflower/565.jpg,carapace,photo,high,valid
906,Sunflower,data/Sunflower/906.jpg,carapace,photo,high,valid
904,Sunflower,data/Sunflower/904.jpg,carapace,photo,high,test
1170,Sunflower,data/Sunflower/1170.jpg,carapace,photo,high,test
957,Sunflower,data/Sunflower/957.jpg,carapace,photo,high,test
767,Sunflower,data/Sunflower/767.jpg,carapace,photo,high,test
202,Sunflower,data/Sunflower/202.jpg,carapace,photo,high,test
1023,Sunflower,data/Sunflower/1023.jpg,carapace,photo,high,test
989,T016,data/T016/989.jpg,carapace,photo,high,train
1165,T016,data/T016/1165.jpg,carapace,photo,high,train
1164,T016,data/T016/1164.jpg,carapace,photo,high,train
580,T016,data/T016/580.jpg,carapace,photo,high,train
988,T016,data/T016/988.jpg,carapace,photo,high,train
582,T016,data/T016/582.jpg,carapace,photo,high,train
1166,T016,data/T016/1166.jpg,carapace,photo,high,train
987,T016,data/T016/987.jpg,carapace,photo,high,train
277,T016,data/T016/277.jpg,carapace,photo,high,train
276,T016,data/T016/276.jpg,carapace,photo,high,valid
581,T016,data/T016/581.jpg,carapace,photo,high,valid
1163,T016,data/T016/1163.jpg,carapace,photo,high,test
278,T016,data/T016/278.jpg,carapace,photo,high,test
426,T022_23,data/T022_23/426.jpg,carapace,photo,high,train
649,T022_23,data/T022_23/649.jpg,carapace,photo,high,train
651,T022_23,data/T022_23/651.jpg,carapace,photo,high,train
257,T022_23,data/T022_23/257.jpg,carapace,photo,high,train
259,T022_23,data/T022_23/259.jpg,carapace,photo,high,train
258,T022_23,data/T022_23/258.jpg,carapace,photo,high,train
428,T022_23,data/T022_23/428.jpg,carapace,photo,high,valid
650,T022_23,data/T022_23/650.jpg,carapace,photo,high,test
294,T026,data/T026/294.jpg,carapace,photo,high,train
290,T026,data/T026/290.jpg,carapace,photo,high,train
1133,T026,data/T026/1133.jpg,carapace,photo,high,train
1134,T026,data/T026/1134.jpg,carapace,photo,high,train
1138,T026,data/T026/1138.jpg,carapace,photo,high,train
1135,T026,data/T026/1135.jpg,carapace,photo,high,train
291,T026,data/T026/291.jpg,carapace,photo,high,valid
293,T026,data/T026/293.jpg,carapace,photo,high,valid
1137,T026,data/T026/1137.jpg,carapace,photo,high,test
289,T026,data/T026/289.jpg,carapace,photo,high,test
657,T039_70,data/T039_70/657.jpg,carapace,photo,high,train
653,T039_70,data/T039_70/653.jpg,carapace,photo,high,train
220,T039_70,data/T039_70/220.jpg,carapace,photo,high,train
680,T039_70,data/T039_70/680.jpg,carapace,photo,high,train
655,T039_70,data/T039_70/655.jpg,carapace,photo,high,train
223,T039_70,data/T039_70/223.jpg,carapace,photo,high,train
222,T039_70,data/T039_70/222.jpg,carapace,photo,high,train
654,T039_70,data/T039_70/654.jpg,carapace,photo,high,train
681,T039_70,data/T039_70/681.jpg,carapace,photo,high,train
656,T039_70,data/T039_70/656.jpg,carapace,photo,high,train
224,T039_70,data/T039_70/224.jpg,carapace,photo,high,valid
679,T039_70,data/T039_70/679.jpg,carapace,photo,high,valid
221,T039_70,data/T039_70/221.jpg,carapace,photo,high,test
678,T039_70,data/T039_70/678.jpg,carapace,photo,high,test
225,T044,data/T044/225.jpg,carapace,photo,high,train
932,T044,data/T044/932.jpg,carapace,photo,high,train
227,T044,data/T044/227.jpg,carapace,photo,high,train
226,T044,data/T044/226.jpg,carapace,photo,high,train
931,T044,data/T044/931.jpg,carapace,photo,high,valid
933,T044,data/T044/933.jpg,carapace,photo,high,test
1098,T045,data/T045/1098.jpg,carapace,photo,high,train
314,T045,data/T045/314.jpg,carapace,photo,high,train
313,T045,data/T045/313.jpg,carapace,photo,high,train
312,T045,data/T045/312.jpg,carapace,photo,high,train
1097,T045,data/T045/1097.jpg,carapace,photo,high,valid
1096,T045,data/T045/1096.jpg,carapace,photo,high,test
361,T047x,data/T047x/361.jpg,carapace,photo,high,train
550,T047x,data/T047x/550.jpg,carapace,photo,high,train
551,T047x,data/T047x/551.jpg,carapace,photo,high,train
363,T047x,data/T047x/363.jpg,carapace,photo,high,train
549,T047x,data/T047x/549.jpg,carapace,photo,high,valid
362,T047x,data/T047x/362.jpg,carapace,photo,high,test
636,T066,data/T066/636.jpg,carapace,photo,high,train
320,T066,data/T066/320.jpg,carapace,photo,high,train
461,T066,data/T066/461.jpg,carapace,photo,high,train
318,T066,data/T066/318.jpg,carapace,photo,high,train
319,T066,data/T066/319.jpg,carapace,photo,high,train
462,T066,data/T066/462.jpg,carapace,photo,high,train
463,T066,data/T066/463.jpg,carapace,photo,high,train
637,T066,data/T066/637.jpg,carapace,photo,high,valid
635,T066,data/T066/635.jpg,carapace,photo,high,valid
322,T066,data/T066/322.jpg,carapace,photo,high,test
634,T066,data/T066/634.jpg,carapace,photo,high,test
356,T103x,data/T103x/356.jpg,carapace,photo,high,train
824,T103x,data/T103x/824.jpg,carapace,photo,high,train
352,T103x,data/T103x/352.jpg,carapace,photo,high,train
825,T103x,data/T103x/825.jpg,carapace,photo,high,train
354,T103x,data/T103x/354.jpg,carapace,photo,high,train
828,T103x,data/T103x/828.jpg,carapace,photo,high,train
826,T103x,data/T103x/826.jpg,carapace,photo,high,valid
353,T103x,data/T103x/353.jpg,carapace,photo,high,test
968,T104,data/T104/968.jpg,carapace,photo,high,train
969,T104,data/T104/969.jpg,carapace,photo,high,train
347,T104,data/T104/347.jpg,carapace,photo,high,train
967,T104,data/T104/967.jpg,carapace,photo,high,train
346,T104,data/T104/346.jpg,carapace,photo,high,train
970,T104,data/T104/970.jpg,carapace,photo,high,valid
345,T104,data/T104/345.jpg,carapace,photo,high,test
506,T117,data/T117/506.jpg,carapace,photo,high,train
944,T117,data/T117/944.jpg,carapace,photo,high,train
895,T117,data/T117/895.jpg,carapace,photo,high,train
922,T117,data/T117/922.jpg,carapace,photo,high,train
658,T117,data/T117/658.jpg,carapace,photo,high,train
620,T117,data/T117/620.jpg,carapace,photo,high,train
984,T117,data/T117/984.jpg,carapace,photo,high,train
254,T117,data/T117/254.jpg,carapace,photo,high,train
943,T117,data/T117/943.jpg,carapace,photo,high,train
945,T117,data/T117/945.jpg,carapace,photo,high,train
894,T117,data/T117/894.jpg,carapace,photo,high,train
413,T117,data/T117/413.jpg,carapace,photo,high,train
490,T117,data/T117/490.jpg,carapace,photo,high,train
492,T117,data/T117/492.jpg,carapace,photo,high,train
921,T117,data/T117/921.jpg,carapace,photo,high,train
505,T117,data/T117/505.jpg,carapace,photo,high,train
470,T117,data/T117/470.jpg,carapace,photo,high,train
983,T117,data/T117/983.jpg,carapace,photo,high,train
619,T117,data/T117/619.jpg,carapace,photo,high,train
256,T117,data/T117/256.jpg,carapace,photo,high,train
752,T117,data/T117/752.jpg,carapace,photo,high,train
255,T117,data/T117/255.jpg,carapace,photo,high,train
892,T117,data/T117/892.jpg,carapace,photo,high,train
504,T117,data/T117/504.jpg,carapace,photo,high,train
253,T117,data/T117/253.jpg,carapace,photo,high,train
494,T117,data/T117/494.jpg,carapace,photo,high,train
503,T117,data/T117/503.jpg,carapace,photo,high,train
647,T117,data/T117/647.jpg,carapace,photo,high,train
947,T117,data/T117/947.jpg,carapace,photo,high,train
386,T117,data/T117/386.jpg,carapace,photo,high,train
411,T117,data/T117/411.jpg,carapace,photo,high,valid
751,T117,data/T117/751.jpg,carapace,photo,high,valid
410,T117,data/T117/410.jpg,carapace,photo,high,valid
252,T117,data/T117/252.jpg,carapace,photo,high,valid
467,T117,data/T117/467.jpg,carapace,photo,high,valid
495,T117,data/T117/495.jpg,carapace,photo,high,valid
660,T117,data/T117/660.jpg,carapace,photo,high,valid
893,T117,data/T117/893.jpg,carapace,photo,high,test
659,T117,data/T117/659.jpg,carapace,photo,high,test
491,T117,data/T117/491.jpg,carapace,photo,high,test
923,T117,data/T117/923.jpg,carapace,photo,high,test
946,T117,data/T117/946.jpg,carapace,photo,high,test
750,T117,data/T117/750.jpg,carapace,photo,high,test
817,T117,data/T117/817.jpg,carapace,photo,high,test
1064,T122,data/T122/1064.jpg,carapace,photo,high,train
1106,T122,data/T122/1106.jpg,carapace,photo,high,train
1103,T122,data/T122/1103.jpg,carapace,photo,high,train
235,T122,data/T122/235.jpg,carapace,photo,high,train
236,T122,data/T122/236.jpg,carapace,photo,high,train
1063,T122,data/T122/1063.jpg,carapace,photo,high,train
234,T122,data/T122/234.jpg,carapace,photo,high,train
1104,T122,data/T122/1104.jpg,carapace,photo,high,train
239,T122,data/T122/239.jpg,carapace,photo,high,train
238,T122,data/T122/238.jpg,carapace,photo,high,valid
1065,T122,data/T122/1065.jpg,carapace,photo,high,valid
1102,T122,data/T122/1102.jpg,carapace,photo,high,test
1107,T122,data/T122/1107.jpg,carapace,photo,high,test
207,Wishbone,data/Wishbone/207.jpg,carapace,photo,high,train
563,Wishbone,data/Wishbone/563.jpg,carapace,photo,high,train
561,Wishbone,data/Wishbone/561.jpg,carapace,photo,high,train
206,Wishbone,data/Wishbone/206.jpg,carapace,photo,high,train
562,Wishbone,data/Wishbone/562.jpg,carapace,photo,high,valid
208,Wishbone,data/Wishbone/208.jpg,carapace,photo,high,test
