upload_id,filename,taken
20261010-113754-2ee2f3,IMG_3430.jpeg,2026-06-12 19:10:14
20261010-114252-faf732,IMG_2915.HEIC,2026-05-02 11:01:42
20261010-114306-9504ec,IMG_2915.HEIC,2026-05-02 11:01:42
20261010-114522-115cf2,IMG_3310.heic,2026-06-04 19:48:38
20261010-114606-8acf49,IMG_3321.heic,2026-06-04 20:08:52
20261010-115009-9542e7,IMG_2946.HEIC,2026-05-02 11:37:49
20261010-115154-75d49f,IMG_3188.HEIC,2026-05-24 11:39:51
20261010-115304-f0aeec,IMG_3206.HEIC,2026-05-25 10:26:32
20261010-115327-494099,IMG_3216.HEIC,2026-05-25 10:51:46
20261010-115354-e84069,IMG_3479.HEIC,2026-06-14 19:03:19
20261010-115604-920515,IMG_3330.heic,2026-06-04 20:15:58
20261010-115709-ec0fe3,IMG_3215.HEIC,2026-05-25 10:51:43
20261010-115843-647816,IMG_3210.HEIC,2026-05-25 10:27:58
20261010-115920-2f39b8,IMG_3210.HEIC,2026-05-25 10:27:58
20261010-120104-dcbe05,IMG_7448.jpg,2026-05-30 19:12:19
20261010-120204-dd0090,IMG_7563.JPEG,2026-05-31 18:53:37
20261010-120348-f84e3d,IMG_3478.HEIC,2026-06-14 19:03:05
20261010-120431-724e88,IMG_7675.JPG,
20261010-120513-426e48,IMG_2903.HEIC,2026-05-02 10:54:03
20261010-120538-cc9c02,IMG_2940.HEIC,2026-05-02 11:36:11
20261010-120814-088e42,IMG_3477.HEIC,2026-06-14 18:55:13
20261010-122229-5e37f7,IMG_0795.JPG,2026-04-17 10:55:53
20261010-122233-1cc06a,IMG_0796.JPG,2026-04-17 10:55:59
20261010-122237-f78783,IMG_1307.JPEG,2026-06-22 19:25:37
20261010-122241-706cad,IMG_1308.jpg,2026-06-22 19:25:42
20261010-122243-035a63,IMG_1309.jpg,2026-06-22 19:25:50
20261010-122246-4eaa8d,IMG_1310.JPEG,2026-06-22 19:25:56
20261010-122249-11c82c,IMG_1311.JPEG,2026-06-22 19:35:20
20261010-122253-e0cd06,IMG_2774.HEIC,2026-04-17 10:40:00
20261010-122255-75b3ec,IMG_2775.heic,2026-04-17 10:40:08
20261010-122258-b439ca,IMG_2776.heic,2026-04-17 10:40:15
20261010-122300-86ba9e,IMG_2777.HEIC,2026-04-17 10:40:26
20261010-122303-9b6110,IMG_2778.HEIC,2026-04-17 10:40:37
20261010-122305-17876d,IMG_2779.HEIC,2026-04-17 10:40:43
20261010-122317-70fad9,IMG_2780.HEIC,2026-04-17 10:40:47
20261010-122320-78e246,IMG_2781.HEIC,2026-04-17 10:40:54
20261010-122323-a9f20a,IMG_2782.HEIC,2026-04-17 10:43:45
20261010-122340-e90604,IMG_2868.HEIC,2026-05-02 10:37:26
20261010-122344-364fa6,IMG_2869.HEIC,2026-05-02 10:37:37
20261010-122347-9f800d,IMG_2870.HEIC,2026-05-02 10:37:46
20261010-122350-d56ed7,IMG_2871.HEIC,2026-05-02 10:37:51
20261010-122352-f2e78e,IMG_2872.HEIC,2026-05-02 10:38:02
20261010-122354-6229c4,IMG_2873.HEIC,2026-05-02 10:38:08
20261010-122356-5ec9a0,IMG_2874.HEIC,2026-05-02 10:38:10
20261010-122358-c1b4b2,IMG_2875.HEIC,2026-05-02 10:39:26
20261010-122400-79874e,IMG_2876.HEIC,2026-05-02 10:39:29
20261010-122402-c5871e,IMG_2878.HEIC,2026-05-02 10:39:32
20261010-122404-4bfdc3,IMG_2879.HEIC,2026-05-02 10:40:36
20261010-122407-3ccb29,IMG_2880.HEIC,2026-05-02 10:41:17
20261010-122409-2fd084,IMG_2881.HEIC,2026-05-02 10:41:18
20261010-122412-1ab4a1,IMG_2882.HEIC,2026-05-02 10:41:20
20261010-122415-61dd3b,IMG_2883.HEIC,2026-05-02 10:41:31
20261010-122417-5fddef,IMG_2884.HEIC,2026-05-02 10:41:34
20261010-122420-65d636,IMG_2885.HEIC,2026-05-02 10:41:49
20261010-122424-c0f2b3,IMG_2886.heic,2026-05-02 10:41:52
20261010-122427-7989a8,IMG_2887.HEIC,2026-05-02 10:41:59
20261010-122430-02b10f,IMG_2888.HEIC,2026-05-02 10:42:03
20261010-122433-424d0b,IMG_2889.HEIC,2026-05-02 10:42:06
20261010-122436-df45e6,IMG_2890.HEIC,2026-05-02 10:42:13
20261010-122438-366e34,IMG_2891.HEIC,2026-05-02 10:42:14
20261010-122443-a11086,IMG_2892.HEIC,2026-05-02 10:44:57
20261010-122446-761624,IMG_2893.HEIC,2026-05-02 10:51:16
20261010-122450-661f3c,IMG_2894.HEIC,2026-05-02 10:51:23
20261010-122452-18602a,IMG_2895.HEIC,2026-05-02 10:51:30
20261010-122454-020be8,IMG_2896.HEIC,2026-05-02 10:51:36
20261010-122456-f65b4a,IMG_2897.HEIC,2026-05-02 10:51:44
20261010-122459-ffec9d,IMG_2898.HEIC,2026-05-02 10:51:46
20261010-122501-248a82,IMG_2899.HEIC,2026-05-02 10:52:41
20261010-122504-9283eb,IMG_2900.HEIC,2026-05-02 10:52:42
20261010-122506-302bdd,IMG_2901.HEIC,2026-05-02 10:53:52
20261010-122509-c30ea6,IMG_2902.HEIC,2026-05-02 10:53:55
20261010-122511-3d5776,IMG_2904.HEIC,2026-05-02 10:56:24
20261010-122514-1947b7,IMG_2905.HEIC,2026-05-02 10:59:10
20261010-122517-a47ff0,IMG_2906.HEIC,2026-05-02 10:59:20
20261010-122519-305d46,IMG_2907.HEIC,2026-05-02 10:59:26
20261010-122520-5870cb,IMG_2908.HEIC,2026-05-02 10:59:34
20261010-122525-28bb26,IMG_2909.HEIC,2026-05-02 10:59:39
20261010-122527-5a6fb7,IMG_2910.HEIC,2026-05-02 10:59:45
20261010-122529-fdf188,IMG_2911.HEIC,2026-05-02 11:00:40
20261010-122531-08939d,IMG_2912.HEIC,2026-05-02 11:00:50
20261010-122535-9366fd,IMG_2913.HEIC,2026-05-02 11:00:53
20261010-122538-318e9b,IMG_2914.HEIC,2026-05-02 11:01:00
20261010-122540-61a300,IMG_2916.HEIC,2026-05-02 11:01:46
20261010-122543-349dd6,IMG_2917.HEIC,2026-05-02 11:01:46
20261010-122545-5ec34e,IMG_2918.HEIC,2026-05-02 11:02:17
20261010-122549-f70557,IMG_2919.HEIC,2026-05-02 11:02:24
20261010-122551-13512e,IMG_2920.HEIC,2026-05-02 11:05:14
20261010-122555-d0ba08,IMG_2921.HEIC,2026-05-02 11:05:35
20261010-122602-4461ec,IMG_2922.HEIC,2026-05-02 11:06:40
20261010-122606-df2ae9,IMG_2923.HEIC,2026-05-02 11:06:45
20261010-122608-d0909a,IMG_2924.HEIC,2026-05-02 11:06:49
20261010-122611-2492e1,IMG_2925.HEIC,2026-05-02 11:06:52
20261010-122615-d7fa73,IMG_2926.HEIC,2026-05-02 11:07:28
20261010-122618-64aac9,IMG_2927.HEIC,2026-05-02 11:07:41
20261010-122622-126d39,IMG_2928.HEIC,2026-05-02 11:08:08
20261010-122629-84d06a,IMG_2929.HEIC,2026-05-02 11:08:30
20261010-122631-8aa0f9,IMG_2930.HEIC,2026-05-02 11:08:36
20261010-122634-52ba5e,IMG_2931.HEIC,2026-05-02 11:08:42
20261010-122636-4becdf,IMG_2932.HEIC,2026-05-02 11:08:47
20261010-122640-e691bb,IMG_2933.HEIC,2026-05-02 11:08:49
20261010-122643-8eb5a1,IMG_2934.HEIC,2026-05-02 11:26:25
20261010-122645-1686b5,IMG_2935.HEIC,2026-05-02 11:26:28
20261010-122648-1ecc25,IMG_2936.HEIC,2026-05-02 11:26:42
20261010-122650-91db74,IMG_2938.HEIC,2026-05-02 11:27:22
20261010-122653-ab6dcb,IMG_2939.HEIC,2026-05-02 11:27:23
20261010-122655-4b7e3b,IMG_2941.HEIC,2026-05-02 11:36:40
20261010-122658-6ce430,IMG_2942.HEIC,2026-05-02 11:36:47
20261010-122700-0510df,IMG_2943.HEIC,2026-05-02 11:36:57
20261010-122703-fecf90,IMG_2944.HEIC,2026-05-02 11:37:06
20261010-122705-3f6220,IMG_2945.HEIC,2026-05-02 11:37:46
20261010-122709-144eeb,IMG_2947.HEIC,2026-05-02 11:44:11
20261010-122712-46f26d,IMG_2948.HEIC,2026-05-02 11:44:17
20261010-122715-847b4c,IMG_2949.HEIC,2026-05-02 11:44:22
20261010-122718-cf981e,IMG_2950.HEIC,2026-05-02 11:44:31
20261010-122722-4f531b,IMG_2951.HEIC,2026-05-02 11:44:40
20261010-122724-4a9780,IMG_2952.HEIC,2026-05-02 11:44:58
20261010-122729-dfeb69,IMG_2953.HEIC,2026-05-02 11:45:05
20261010-122732-256d93,IMG_2954.HEIC,2026-05-02 11:45:19
20261010-122736-a30d1c,IMG_2955.HEIC,2026-05-02 11:46:37
20261010-122739-6f777f,IMG_2956.HEIC,2026-05-02 11:46:42
20261010-122742-a01c2e,IMG_2957.HEIC,2026-05-02 11:46:44
20261010-122745-4017ac,IMG_2969.JPG,
20261010-122749-457aad,IMG_2970.JPG,
20261010-122752-01aaf6,IMG_2971.JPG,
20261010-122755-7407e7,IMG_3112.HEIC,2026-05-17 09:54:55
20261010-122757-747958,IMG_3113.HEIC,2026-05-17 09:54:59
20261010-122800-de4877,IMG_3114.heic,2026-05-17 09:55:14
20261010-122803-cc8b59,IMG_3115.heic,2026-05-17 09:55:16
20261010-122806-b78557,IMG_3116.HEIC,2026-05-17 09:55:24
20261010-122808-af9e82,IMG_3117.HEIC,2026-05-17 09:55:38
20261010-122810-58f924,IMG_3118.HEIC,2026-05-17 09:55:42
20261010-122813-ec0b8f,IMG_3119.heic,2026-05-17 09:55:55
20261010-122816-fa64eb,IMG_3120.heic,2026-05-17 09:55:59
20261010-122819-e53692,IMG_3121.heic,2026-05-17 09:56:19
20261010-122822-44803e,IMG_3122.HEIC,2026-05-17 09:56:24
20261010-122824-71ca43,IMG_3123.HEIC,2026-05-17 09:56:31
20261010-122827-63101e,IMG_3124.HEIC,2026-05-17 09:56:46
20261010-122829-e99d8b,IMG_3189.HEIC,2026-05-24 11:39:56
20261010-122832-f3a724,IMG_3190.HEIC,2026-05-24 11:40:01
20261010-122835-7e3299,IMG_3191.HEIC,2026-05-24 11:40:44
20261010-122839-421fda,IMG_3192.HEIC,2026-05-24 11:42:07
20261010-122842-2758e0,IMG_3193.HEIC,2026-05-24 11:42:09
20261010-122845-4f9f74,IMG_3194.HEIC,2026-05-24 11:42:11
20261010-122849-771902,IMG_3195.HEIC,2026-05-24 11:42:13
20261010-122852-4e6770,IMG_3196.HEIC,2026-05-24 11:42:15
20261010-122855-e5489a,IMG_3197.HEIC,2026-05-24 11:42:35
20261010-122859-c8d0cb,IMG_3201.heic,2026-05-24 15:10:27
20261010-122901-da0b32,IMG_3202.heic,2026-05-24 15:10:32
20261010-122904-c76d56,IMG_3203.heic,2026-05-24 15:10:40
20261010-122907-da00b5,IMG_3204.heic,2026-05-24 15:10:43
20261010-122910-c64a0a,IMG_3205.HEIC,2026-05-25 10:26:14
20261010-122912-855a51,IMG_3207.HEIC,2026-05-25 10:26:37
20261010-122915-85a213,IMG_3208.HEIC,2026-05-25 10:26:45
20261010-122917-1a3b2e,IMG_3212.HEIC,2026-05-25 10:51:24
20261010-122920-c68d90,IMG_3213.HEIC,2026-05-25 10:51:25
20261010-122922-fd73f0,IMG_3214.HEIC,2026-05-25 10:51:32
20261010-122925-c64af0,IMG_3217.HEIC,2026-05-25 12:15:54
20261010-122929-1b3d90,IMG_3218.HEIC,2026-05-25 12:16:06
20261010-122932-fe9089,IMG_3219.HEIC,2026-05-25 12:16:21
20261010-122934-6ad5d9,IMG_3220.HEIC,2026-05-25 12:16:27
20261010-122936-d2a182,IMG_3221.HEIC,2026-05-25 12:16:34
20261010-122939-cb2058,IMG_3222.HEIC,2026-05-25 12:16:44
20261010-122942-b9837c,IMG_3223.HEIC,2026-05-25 12:16:55
20261010-122944-da1269,IMG_3224.heic,2026-05-25 12:17:04
20261010-122948-3a9cd0,IMG_3226.HEIC,2026-05-25 17:07:19
20261010-122952-a08bd7,IMG_3227.HEIC,2026-05-25 17:07:22
20261010-122956-ce1d7b,IMG_3228.HEIC,2026-05-25 17:07:28
20261010-122958-5f539f,IMG_3229.HEIC,2026-05-25 17:07:32
20261010-123001-0810e3,IMG_3230.HEIC,2026-05-25 17:07:43
20261010-123004-37f00b,IMG_3250.JPG,
20261010-123006-58385d,IMG_3251.JPG,
20261010-123009-e74c60,IMG_3289.HEIC,2026-06-04 19:13:18
20261010-123011-4aedf8,IMG_3290.heic,2026-06-04 19:13:33
20261010-123015-bcab7f,IMG_3291.heic,2026-06-04 19:13:42
20261010-123018-4eddd7,IMG_3292.HEIC,2026-06-04 19:13:49
20261010-123020-93be3b,IMG_3293.HEIC,2026-06-04 19:13:54
20261010-123023-cefc54,IMG_3294.HEIC,2026-06-04 19:14:01
20261010-123027-4f8365,IMG_3295.heic,2026-06-04 19:15:23
20261010-123031-88e00f,IMG_3296.heic,2026-06-04 19:15:26
20261010-123034-438c15,IMG_3297.heic,2026-06-04 19:20:22
20261010-123038-2285da,IMG_3298.heic,2026-06-04 19:20:34
20261010-123041-aa7684,IMG_3299.HEIC,2026-06-04 19:20:44
20261010-123044-784312,IMG_3300.heic,2026-06-04 19:20:47
20261010-123047-b3d7f7,IMG_3301.HEIC,2026-06-04 19:21:03
20261010-123051-a1840e,IMG_3302.heic,2026-06-04 19:21:35
20261010-123054-e66377,IMG_3303.heic,2026-06-04 19:21:55
20261010-123056-9612b9,IMG_3305.HEIC,2026-06-04 19:40:29
20261010-123058-a90a47,IMG_3306.heic,2026-06-04 19:40:41
20261010-123101-18502b,IMG_3307.HEIC,2026-06-04 19:41:00
20261010-123103-6d717f,IMG_3308.heic,2026-06-04 19:48:16
20261010-123106-2327a7,IMG_3309.heic,2026-06-04 19:48:24
20261010-123109-7b2a05,IMG_3311.heic,2026-06-04 20:00:35
20261010-123111-383777,IMG_3312.heic,2026-06-04 20:00:45
20261010-123115-572d51,IMG_3313.heic,2026-06-04 20:00:55
20261010-123118-8b695e,IMG_3314.heic,2026-06-04 20:01:00
20261010-123122-74dff1,IMG_3315.heic,2026-06-04 20:01:03
20261010-123125-ff6931,IMG_3316.heic,2026-06-04 20:01:37
20261010-123128-0d67f3,IMG_3317.heic,2026-06-04 20:01:50
20261010-123131-c82fbd,IMG_3318.HEIC,2026-06-04 20:02:30
20261010-123134-20c089,IMG_3320.heic,2026-06-04 20:08:46
20261010-123137-7f193c,IMG_3322.heic,2026-06-04 20:09:08
20261010-123139-791782,IMG_3323.heic,2026-06-04 20:09:24
20261010-123143-641149,IMG_3326.heic,2026-06-04 20:15:20
20261010-123145-934300,IMG_3327.heic,2026-06-04 20:15:34
20261010-123148-10f072,IMG_3328.heic,2026-06-04 20:15:45
20261010-123150-e15a6a,IMG_3329.heic,2026-06-04 20:15:53
20261010-123154-f361fb,IMG_3331.HEIC,2026-06-04 20:16:24
20261010-123157-8e84f5,IMG_3335.heic,2026-06-05 07:04:39
20261010-123200-faf2ea,IMG_3336.HEIC,2026-06-05 07:04:51
20261010-123203-80b55b,IMG_3337.HEIC,2026-06-05 07:05:01
20261010-123206-801fc0,IMG_3338.HEIC,2026-06-05 07:05:22
20261010-123209-8e43cf,IMG_3342.HEIC,2026-06-05 11:27:29
20261010-123218-cbde34,IMG_3344.HEIC,2026-06-05 18:15:24
20261010-123221-69687f,IMG_3345.heic,2026-06-05 18:22:58
20261010-123224-565e06,IMG_3346.heic,2026-06-05 18:23:07
20261010-123227-f0ea34,IMG_3348.heic,2026-06-05 18:23:20
20261010-123231-2e1a98,IMG_3349.HEIC,2026-06-05 18:23:41
20261010-123234-4aaaaa,IMG_3350.heic,2026-06-05 20:27:58
20261010-123237-f26e03,IMG_3351.heic,2026-06-05 20:28:01
20261010-123240-c0173a,IMG_3352.HEIC,2026-06-05 20:28:09
20261010-123242-700cbb,IMG_3420.HEIC,2026-06-12 18:58:49
20261010-123245-4176d3,IMG_3421.heic,2026-06-12 18:59:09
20261010-123248-6830da,IMG_3422.heic,2026-06-12 18:59:12
20261010-123251-01219d,IMG_3423.heic,2026-06-12 18:59:20
20261010-123255-3d2edd,IMG_3424.heic,2026-06-12 18:59:27
20261010-123257-b29518,IMG_3425.JPEG,2026-09-17 08:24:30
20261010-123300-6da569,IMG_3426.HEIC,2026-06-12 19:09:04
20261010-123302-e0e202,IMG_3427.heic,2026-06-12 19:09:19
20261010-123305-5e7a2e,IMG_3428.heic,2026-06-12 19:09:23
20261010-123308-7cbb22,IMG_3429.heic,2026-06-12 19:09:29
20261010-123311-6b2f35,IMG_3431.heic,2026-06-12 19:11:21
20261010-123313-b37b43,IMG_3433.HEIC,2026-06-12 19:22:17
20261010-123316-083075,IMG_3434.heic,2026-06-12 19:22:38
20261010-123319-7f7c43,IMG_3435.heic,2026-06-12 19:22:43
20261010-123322-3e49d7,IMG_3436.heic,2026-06-12 19:22:52
20261010-123325-e48342,IMG_3437.heic,2026-06-12 19:22:57
20261010-123328-e882ef,IMG_3438.heic,2026-06-12 19:34:28
20261010-123331-bb1973,IMG_3439.heic,2026-06-12 19:34:33
20261010-123333-509ebb,IMG_3440.heic,2026-06-12 19:34:40
20261010-123336-6ce11a,IMG_3441.heic,2026-06-12 19:35:40
20261010-123339-65e72d,IMG_3443.HEIC,2026-06-12 19:47:07
20261010-123344-00ba57,IMG_3444.heic,2026-06-12 19:48:57
20261010-123346-5603eb,IMG_3445.heic,2026-06-12 19:49:06
20261010-123349-079c24,IMG_3446.HEIC,2026-06-12 19:50:25
20261010-123352-932a2d,IMG_3447.heic,2026-06-12 19:50:31
20261010-123355-80784a,IMG_3448.heic,2026-06-12 19:50:37
20261010-123400-f7de4c,IMG_3449.heic,2026-06-12 19:50:45
20261010-123402-792ae9,IMG_3450.HEIC,2026-06-12 19:51:48
20261010-123405-54a775,IMG_3451.heic,2026-06-12 19:51:57
20261010-123409-9172e9,IMG_3452.heic,2026-06-13 18:12:50
20261010-123412-b991bb,IMG_3453.HEIC,2026-06-13 18:12:56
20261010-123415-b1ea86,IMG_3454.heic,2026-06-13 18:13:02
20261010-123417-2dd931,IMG_3455.HEIC,2026-06-13 18:15:07
20261010-123419-2de3c9,IMG_3456.heic,2026-06-13 18:17:50
20261010-123422-a4b1c9,IMG_3457.heic,2026-06-13 18:17:54
20261010-123426-e95a56,IMG_3458.HEIC,2026-06-13 18:18:00
20261010-123429-e3b938,IMG_3459.heic,2026-06-13 18:18:08
20261010-123431-e686a7,IMG_3460.heic,2026-06-13 18:18:12
20261010-123433-5721e4,IMG_3461.heic,2026-06-13 18:18:38
20261010-123438-979ed7,IMG_3462.heic,2026-06-13 18:21:48
20261010-123440-f19fdf,IMG_3465.heic,2026-06-13 19:41:52
20261010-123446-354aed,IMG_3470.heic,2026-06-14 18:27:19
20261010-123448-f88956,IMG_3471.heic,2026-06-14 18:27:25
20261010-123451-6150da,IMG_3473.HEIC,2026-06-14 18:43:43
20261010-123454-d898e4,IMG_3474.heic,2026-06-14 18:53:00
20261010-123456-686c59,IMG_3475.HEIC,2026-06-14 18:53:51
20261010-123458-3c39f0,IMG_3476.heic,2026-06-14 18:54:57
20261010-123501-b3b570,IMG_3480.heic,2026-06-14 19:06:03
20261010-123504-e08964,IMG_3481.heic,2026-06-14 19:06:05
20261010-123507-52194c,IMG_3482.heic,2026-06-14 19:06:07
20261010-123509-17dbd7,IMG_3483.heic,2026-06-14 19:06:12
20261010-123512-066b38,IMG_3491.heic,2026-06-15 06:58:29
20261010-123515-5a029f,IMG_3492.heic,2026-06-15 06:58:41
20261010-123518-09203c,IMG_3493.heic,2026-06-15 06:58:49
20261010-123521-aa531f,IMG_3494.heic,2026-06-15 06:58:59
20261010-123524-d9aaa3,IMG_3495.heic,2026-06-15 06:59:04
20261010-123527-73e1fa,IMG_3496.heic,2026-06-15 06:59:14
20261010-123530-1e9490,IMG_3497.heic,2026-06-15 07:00:43
20261010-123533-59f131,IMG_3498.HEIC,2026-06-15 14:05:25
20261010-123536-cb32fa,IMG_3499.heic,2026-06-15 14:05:33
20261010-123539-5a8158,IMG_3500.heic,2026-06-15 14:05:36
20261010-123541-fc9deb,IMG_3502.heic,2026-06-15 14:06:27
20261010-123544-2ab878,IMG_3729 2.heic,2026-07-05 18:04:44
20261010-123548-eb11cf,IMG_3729.heic,2026-07-05 18:04:44
20261010-123551-27ff9d,IMG_3730.heic,2026-07-05 18:04:47
20261010-123553-91c3de,IMG_3731.heic,2026-07-05 18:04:54
20261010-123555-ee481d,IMG_3732.heic,2026-07-05 18:04:57
20261010-123558-26d3f6,IMG_3733.heic,2026-07-05 18:05:02
20261010-123601-c89b10,IMG_3735.HEIC,2026-07-05 18:27:57
20261010-123603-55ad01,IMG_3737.heic,2026-07-05 18:47:17
20261010-123606-b27ce5,IMG_3738.heic,2026-07-05 18:47:25
20261010-123608-3de66d,IMG_3739.heic,2026-07-05 18:47:29
20261010-123611-5a37d2,IMG_3740.HEIC,2026-07-05 19:20:34
20261010-123613-3b0d0c,IMG_3741.HEIC,2026-07-05 19:45:48
20261010-123616-8e25a4,IMG_3742.jpg,2026-07-05 09:27:50
20261010-123619-2b666c,IMG_3743.jpg,2026-07-05 09:27:52
20261010-123623-d937c2,IMG_3744.jpg,2026-07-05 09:27:57
20261010-123626-0f17f6,IMG_3745.jpg,2026-07-05 09:27:44
20261010-123629-a2cbf6,IMG_3746.jpg,2026-07-05 09:27:47
20261010-123632-9b74d7,IMG_3872.HEIC,2026-07-19 09:33:15
20261010-123634-490b79,IMG_3873.HEIC,2026-07-19 09:33:29
20261010-123637-1f43b8,IMG_3874.HEIC,2026-07-19 09:33:39
20261010-123639-13220a,IMG_3875.heic,2026-07-19 09:33:44
20261010-123643-6c23b8,IMG_3876.heic,2026-07-19 09:33:57
20261010-123645-0d38c5,IMG_3877.heic,2026-07-19 09:34:07
20261010-123649-d77584,IMG_3878.heic,2026-07-19 09:34:13
20261010-123651-1c2f33,IMG_3879.HEIC,2026-07-19 09:34:22
20261010-123654-b4a89e,IMG_3880.HEIC,2026-07-19 09:34:34
20261010-123656-bdfc31,IMG_3881.HEIC,2026-07-19 09:40:20
20261010-123658-4192c8,IMG_3882.HEIC,2026-07-19 09:40:28
20261010-123700-a73adc,IMG_3883.HEIC,2026-07-19 09:41:32
20261010-123703-5b8d7b,IMG_3884.HEIC,2026-07-19 09:41:39
20261010-123705-8bcc2c,IMG_3885.HEIC,2026-07-19 09:41:41
20261010-123708-031a7c,IMG_3886.HEIC,2026-07-19 09:42:07
20261010-123710-1d9c5b,IMG_5105.JPEG,2026-07-28 17:08:26
20261010-123713-2b45c4,IMG_5106.JPEG,2026-07-28 17:08:39
20261010-123717-df6bb5,IMG_5107.JPEG,2026-07-28 17:08:50
20261010-123720-555e17,IMG_5108.JPEG,2026-07-28 17:08:53
20261010-123724-9c4bb4,IMG_5109.JPEG,2026-07-28 17:09:37
20261010-123727-f62f2c,IMG_5111.JPEG,2026-07-28 17:09:43
20261010-123730-a8d1bd,IMG_5112.JPEG,2026-07-28 17:09:44
20261010-123732-84c724,IMG_6670.JPEG,2026-05-02 10:48:43
20261010-123734-bf80c8,IMG_6671.JPEG,2026-05-02 10:48:47
20261010-123737-9195c8,IMG_7369.jpg,2026-05-29 09:54:12
20261010-123741-fd8001,IMG_7412.jpg,2026-05-29 10:08:51
20261010-123743-de142d,IMG_7518.JPEG,2026-05-31 14:31:48
20261010-123747-87208c,IMG_7529.JPEG,2026-05-31 17:13:30
20261010-123749-8bf1e9,IMG_7530.JPEG,2026-05-31 17:13:43
20261010-123752-c914cd,IMG_7531.JPEG,2026-05-31 17:13:51
20261010-123754-d243dc,IMG_7557.JPEG,2026-05-31 18:40:36
20261010-123757-745b89,IMG_7562.JPEG,2026-05-31 18:53:31
20261010-123801-62948a,IMG_7616.JPEG,2026-06-02 19:17:25
20261010-123805-7ca52a,IMG_7676.JPG,
20261010-123809-ab67ac,IMG_7678.jpg,
20261010-123812-3c929c,IMG_7682.jpg,
20261010-123815-60e78c,IMG_7848.jpg,2026-06-18 12:06:41
20261010-123818-3dd8f6,IMG_7849.JPEG,2026-06-18 12:06:44
20261010-123821-c38658,IMG_7849.jpg,2026-06-18 12:06:44
20261010-123826-52928b,IMG_7850.jpg,2026-06-18 12:06:49
20261010-123829-e698e4,IMG_7851.JPEG,2026-06-18 12:06:54
20261010-123833-b1ddc8,IMG_7962.JPEG,2026-06-23 19:54:51
20261010-123837-1f4136,IMG_7963.JPEG,2026-06-23 19:54:56
20261010-123840-a2ac3f,IMG_7963.jpg,2026-06-23 19:54:56
20261010-123842-1ef9a4,IMG_7964.JPEG,2026-06-23 19:55:04
20261010-123845-16de37,IMG_7964.jpg,2026-06-23 19:55:04
20261010-123851-f548d0,IMG_7965.JPEG,2026-06-23 19:55:13
20261010-123854-b4ab24,IMG_7965.jpg,2026-06-23 19:55:13
20261010-123857-889b92,IMG_7967.JPEG,2026-06-23 19:55:23
20261010-123859-af061f,IMG_7968.JPEG,2026-06-23 19:56:25
20261010-123918-a17b2a,IMG_7968.jpg,2026-06-23 19:56:25
20261010-123941-41ca86,IMG_7969.JPEG,2026-06-23 19:56:30
20261010-123945-e09084,IMG_7969.jpg,2026-06-23 19:56:30
20261010-123948-732453,IMG_7970.JPEG,2026-06-23 19:56:34
20261010-123952-e443c2,IMG_7971.JPEG,2026-06-23 19:56:38
20261010-123955-e4170b,IMG_7972.JPEG,2026-06-23 19:56:46
20261010-123958-0ee0a5,IMG_7973.JPEG,2026-06-23 19:56:49
20261010-124001-18de9e,IMG_8027.JPEG,2026-06-26 18:18:14
20261010-124005-5da635,IMG_8028.jpg,2026-06-26 18:18:36
20261010-124008-511383,IMG_8029.jpg,2026-06-26 18:18:42
20261010-124011-31086b,IMG_8030.JPEG,2026-06-26 18:18:47
20261010-124015-ead905,IMG_8030.jpg,2026-06-26 18:18:47
20261010-124018-9f9274,IMG_8031.JPEG,2026-06-26 18:18:51
20261010-124022-797964,image0.jpg,2026-05-29 10:13:49
20261010-124025-3959e1,image2 2.JPEG,
20261010-124027-00c395,image2.JPEG,2026-05-29 09:54:39
20261010-124030-7b4a63,image3.jpg,2026-05-29 09:54:30
