filename,folder,reason
IMG_0795.JPG,turtles,"shell box [784, 271, 856, 363]"
IMG_0796.JPG,turtles,"shell box [376, 388, 563, 613]"
IMG_1307.JPEG,turtles,"shell box [336, 230, 679, 603]"
IMG_1308.jpg,turtles,"shell box [148, 127, 822, 788]"
IMG_1309.jpg,turtles,"shell box [54, 99, 731, 911]"
IMG_1310.JPEG,turtles,"shell box [615, 502, 663, 542]"
IMG_1311.JPEG,turtles,"shell box [363, 372, 731, 608]"
IMG_1469.png,no_turtle,no turtle shell found
IMG_2774.HEIC,turtles,"shell box [565, 417, 600, 474]"
IMG_2775.heic,turtles,"shell box [303, 308, 717, 734]"
IMG_2776.heic,turtles,"shell box [146, 237, 764, 874]"
IMG_2777.HEIC,turtles,"shell box [291, 256, 755, 752]"
IMG_2778.HEIC,turtles,"shell box [205, 130, 734, 717]"
IMG_2779.HEIC,turtles,"shell box [178, 178, 745, 796]"
IMG_2780.HEIC,turtles,"shell box [108, 351, 576, 747]"
IMG_2781.HEIC,turtles,"shell box [108, 172, 835, 719]"
IMG_2782.HEIC,turtles,"shell box [842, 137, 881, 219]"
IMG_2868.HEIC,turtles,"shell box [420, 203, 892, 685]"
IMG_2869.HEIC,turtles,"shell box [217, 147, 781, 959]"
IMG_2870.HEIC,turtles,"shell box [188, 153, 735, 908]"
IMG_2871.HEIC,turtles,"shell box [193, 287, 722, 824]"
IMG_2872.HEIC,turtles,"shell box [623, 335, 758, 581]"
IMG_2873.HEIC,turtles,"shell box [193, 114, 793, 831]"
IMG_2874.HEIC,turtles,"shell box [278, 161, 782, 765]"
IMG_2875.HEIC,turtles,"shell box [671, 513, 757, 715]"
IMG_2876.HEIC,turtles,"shell box [725, 574, 822, 775]"
IMG_2877.HEIC,no_turtle,no turtle shell found
IMG_2878.HEIC,turtles,"shell box [342, 407, 523, 831]"
IMG_2879.HEIC,turtles,"shell box [304, 300, 725, 934]"
IMG_2880.HEIC,turtles,"shell box [486, 662, 584, 807]"
IMG_2881.HEIC,turtles,"shell box [500, 671, 599, 818]"
IMG_2882.HEIC,turtles,"shell box [483, 658, 574, 808]"
IMG_2883.HEIC,turtles,"shell box [633, 219, 712, 423]"
IMG_2884.HEIC,turtles,"shell box [640, 97, 804, 301]"
IMG_2885.HEIC,turtles,"shell box [543, 423, 876, 622]"
IMG_2886.heic,turtles,"shell box [75, 434, 344, 617]"
IMG_2887.HEIC,turtles,"shell box [469, 442, 675, 617]"
IMG_2888.HEIC,turtles,"shell box [267, 267, 764, 777]"
IMG_2889.HEIC,turtles,"shell box [148, 219, 769, 855]"
IMG_2890.HEIC,turtles,"shell box [429, 114, 1000, 856]"
IMG_2891.HEIC,turtles,"shell box [285, 33, 936, 810]"
IMG_2892.HEIC,turtles,"shell box [542, 725, 642, 882]"
IMG_2893.HEIC,turtles,"shell box [410, 260, 835, 693]"
IMG_2894.HEIC,turtles,"shell box [198, 66, 781, 901]"
IMG_2895.HEIC,turtles,"shell box [174, 50, 786, 920]"
IMG_2896.HEIC,turtles,"shell box [337, 78, 863, 927]"
IMG_2897.HEIC,turtles,"shell box [236, 74, 752, 864]"
IMG_2898.HEIC,turtles,"shell box [183, 95, 730, 867]"
IMG_2899.HEIC,turtles,"shell box [108, 107, 928, 960]"
IMG_2900.HEIC,turtles,"shell box [126, 75, 929, 917]"
IMG_2901.HEIC,turtles,"shell box [121, 41, 919, 825]"
IMG_2902.HEIC,turtles,"shell box [243, 91, 861, 831]"
IMG_2903.HEIC,turtles,"shell box [168, 137, 712, 868]"
IMG_2904.HEIC,turtles,"shell box [344, 334, 629, 727]"
IMG_2905.HEIC,turtles,"shell box [406, 235, 785, 644]"
IMG_2906.HEIC,turtles,"shell box [193, 85, 700, 794]"
IMG_2907.HEIC,turtles,"shell box [198, 166, 746, 911]"
IMG_2908.HEIC,turtles,"shell box [131, 203, 900, 867]"
IMG_2909.HEIC,turtles,"shell box [287, 210, 701, 781]"
IMG_2910.HEIC,turtles,"shell box [267, 237, 759, 820]"
IMG_2911.HEIC,turtles,"shell box [560, 428, 680, 650]"
IMG_2912.HEIC,turtles,"shell box [201, 192, 775, 781]"
IMG_2913.HEIC,turtles,"shell box [198, 194, 764, 843]"
IMG_2914.HEIC,turtles,"shell box [230, 253, 737, 856]"
IMG_2915.HEIC,turtles,"shell box [245, 114, 897, 769]"
IMG_2916.HEIC,turtles,"shell box [171, 169, 764, 847]"
IMG_2917.HEIC,turtles,"shell box [177, 160, 772, 834]"
IMG_2918.HEIC,turtles,"shell box [336, 126, 966, 755]"
IMG_2919.HEIC,turtles,"shell box [261, 269, 745, 856]"
IMG_2920.HEIC,turtles,"shell box [354, 519, 486, 698]"
IMG_2921.HEIC,turtles,"shell box [289, 381, 621, 648]"
IMG_2922.HEIC,turtles,"shell box [422, 192, 942, 705]"
IMG_2923.HEIC,turtles,"shell box [168, 66, 786, 787]"
IMG_2924.HEIC,turtles,"shell box [151, 114, 876, 870]"
IMG_2925.HEIC,turtles,"shell box [192, 190, 786, 855]"
IMG_2926.HEIC,turtles,"shell box [368, 245, 804, 677]"
IMG_2927.HEIC,turtles,"shell box [267, 219, 765, 727]"
IMG_2928.HEIC,turtles,"shell box [287, 206, 880, 786]"
IMG_2929.HEIC,turtles,"shell box [217, 155, 717, 788]"
IMG_2930.HEIC,turtles,"shell box [211, 187, 760, 936]"
IMG_2931.HEIC,turtles,"shell box [278, 150, 780, 834]"
IMG_2932.HEIC,turtles,"shell box [280, 142, 679, 777]"
IMG_2933.HEIC,turtles,"shell box [227, 168, 670, 827]"
IMG_2934.HEIC,turtles,"shell box [250, 188, 755, 809]"
IMG_2935.HEIC,turtles,"shell box [152, 126, 915, 915]"
IMG_2936.HEIC,turtles,"shell box [272, 160, 781, 884]"
IMG_2938.HEIC,turtles,"shell box [178, 194, 622, 612]"
IMG_2939.HEIC,turtles,"shell box [188, 203, 670, 661]"
IMG_2940.HEIC,turtles,"shell box [239, 273, 712, 742]"
IMG_2941.HEIC,turtles,"shell box [177, 160, 616, 579]"
IMG_2942.HEIC,turtles,"shell box [164, 178, 836, 884]"
IMG_2943.HEIC,turtles,"shell box [128, 121, 834, 833]"
IMG_2944.HEIC,turtles,"shell box [291, 365, 843, 881]"
IMG_2945.HEIC,turtles,"shell box [100, 83, 859, 836]"
IMG_2946.HEIC,turtles,"shell box [108, 60, 849, 796]"
IMG_2947.HEIC,turtles,"shell box [215, 139, 662, 573]"
IMG_2948.HEIC,turtles,"shell box [121, 118, 799, 878]"
IMG_2949.HEIC,turtles,"shell box [131, 131, 835, 873]"
IMG_2950.HEIC,turtles,"shell box [150, 187, 912, 910]"
IMG_2951.HEIC,turtles,"shell box [139, 158, 911, 886]"
IMG_2952.HEIC,turtles,"shell box [78, 401, 804, 642]"
IMG_2953.HEIC,turtles,"shell box [158, 381, 912, 663]"
IMG_2954.HEIC,turtles,"shell box [83, 332, 936, 684]"
IMG_2955.HEIC,turtles,"shell box [180, 91, 871, 825]"
IMG_2956.HEIC,turtles,"shell box [121, 102, 873, 834]"
IMG_2957.HEIC,turtles,"shell box [130, 89, 847, 775]"
IMG_2958.HEIC,no_turtle,no turtle shell found
IMG_2969.JPG,turtles,"shell box [428, 615, 459, 639]"
IMG_2970.JPG,turtles,"shell box [380, 600, 417, 639]"
IMG_2971.JPG,turtles,"shell box [558, 529, 617, 638]"
IMG_3112.HEIC,turtles,"shell box [542, 243, 594, 314]"
IMG_3113.HEIC,turtles,"shell box [487, 287, 545, 362]"
IMG_3114.heic,turtles,"shell box [267, 260, 810, 807]"
IMG_3115.heic,turtles,"shell box [174, 243, 834, 910]"
IMG_3116.HEIC,turtles,"shell box [105, 117, 893, 878]"
IMG_3117.HEIC,turtles,"shell box [262, 247, 725, 807]"
IMG_3118.HEIC,turtles,"shell box [326, 81, 720, 722]"
IMG_3119.heic,turtles,"shell box [227, 114, 701, 903]"
IMG_3120.heic,turtles,"shell box [261, 91, 762, 843]"
IMG_3121.heic,turtles,"shell box [63, 76, 903, 936]"
IMG_3122.HEIC,turtles,"shell box [223, 154, 792, 881]"
IMG_3123.HEIC,turtles,"shell box [253, 117, 762, 897]"
IMG_3124.HEIC,turtles,"shell box [363, 318, 839, 668]"
IMG_3188.HEIC,turtles,"shell box [90, 219, 768, 897]"
IMG_3189.HEIC,turtles,"shell box [183, 219, 761, 863]"
IMG_3190.HEIC,turtles,"shell box [252, 233, 882, 903]"
IMG_3191.HEIC,turtles,"shell box [414, 294, 865, 758]"
IMG_3192.HEIC,turtles,"shell box [151, 247, 725, 689]"
IMG_3193.HEIC,turtles,"shell box [336, 222, 905, 622]"
IMG_3194.HEIC,turtles,"shell box [163, 280, 862, 702]"
IMG_3195.HEIC,turtles,"shell box [239, 329, 610, 693]"
IMG_3196.HEIC,turtles,"shell box [236, 269, 819, 663]"
IMG_3197.HEIC,turtles,"shell box [375, 331, 672, 692]"
IMG_3201.heic,turtles,"shell box [253, 386, 429, 574]"
IMG_3202.heic,turtles,"shell box [223, 214, 794, 808]"
IMG_3203.heic,turtles,"shell box [128, 130, 804, 818]"
IMG_3204.heic,turtles,"shell box [0, 263, 783, 975]"
IMG_3205.HEIC,turtles,"shell box [445, 492, 513, 569]"
IMG_3206.HEIC,turtles,"shell box [278, 172, 908, 770]"
IMG_3207.HEIC,turtles,"shell box [130, 154, 792, 888]"
IMG_3208.HEIC,turtles,"shell box [39, 143, 679, 836]"
IMG_3210.HEIC,turtles,"shell box [354, 289, 772, 827]"
IMG_3212.HEIC,turtles,"shell box [706, 219, 737, 260]"
IMG_3213.HEIC,turtles,"shell box [835, 182, 868, 226]"
IMG_3214.HEIC,turtles,"shell box [652, 492, 747, 608]"
IMG_3215.HEIC,turtles,"shell box [425, 313, 735, 578]"
IMG_3216.HEIC,turtles,"shell box [298, 332, 712, 686]"
IMG_3217.HEIC,turtles,"shell box [291, 203, 861, 800]"
IMG_3218.HEIC,turtles,"shell box [239, 143, 860, 881]"
IMG_3219.HEIC,turtles,"shell box [174, 184, 739, 786]"
IMG_3220.HEIC,turtles,"shell box [116, 196, 594, 836]"
IMG_3221.HEIC,turtles,"shell box [227, 102, 857, 866]"
IMG_3222.HEIC,turtles,"shell box [90, 68, 882, 861]"
IMG_3223.HEIC,turtles,"shell box [188, 175, 878, 712]"
IMG_3224.heic,turtles,"shell box [188, 191, 778, 759]"
IMG_3226.HEIC,turtles,"shell box [240, 329, 746, 852]"
IMG_3227.HEIC,turtles,"shell box [192, 157, 772, 773]"
IMG_3228.HEIC,turtles,"shell box [266, 243, 804, 829]"
IMG_3229.HEIC,turtles,"shell box [115, 222, 725, 903]"
IMG_3230.HEIC,turtles,"shell box [89, 169, 893, 937]"
IMG_3250.JPG,turtles,"shell box [369, 70, 792, 668]"
IMG_3251.JPG,turtles,"shell box [447, 233, 810, 725]"
IMG_3289.HEIC,turtles,"shell box [757, 441, 800, 491]"
IMG_3290.heic,turtles,"shell box [110, 144, 800, 878]"
IMG_3291.heic,turtles,"shell box [155, 109, 842, 798]"
IMG_3292.HEIC,turtles,"shell box [146, 102, 799, 831]"
IMG_3293.HEIC,turtles,"shell box [108, 149, 712, 915]"
IMG_3294.HEIC,turtles,"shell box [121, 98, 634, 894]"
IMG_3295.heic,turtles,"shell box [198, 226, 848, 881]"
IMG_3296.heic,turtles,"shell box [201, 224, 865, 888]"
IMG_3297.heic,turtles,"shell box [140, 155, 888, 928]"
IMG_3298.heic,turtles,"shell box [128, 88, 869, 930]"
IMG_3299.HEIC,turtles,"shell box [91, 107, 781, 917]"
IMG_3300.heic,turtles,"shell box [109, 54, 906, 938]"
IMG_3301.HEIC,turtles,"shell box [174, 75, 843, 931]"
IMG_3302.heic,turtles,"shell box [114, 114, 915, 884]"
IMG_3303.heic,turtles,"shell box [188, 114, 893, 831]"
IMG_3305.HEIC,turtles,"shell box [836, 386, 885, 497]"
IMG_3306.heic,turtles,"shell box [90, 96, 929, 931]"
IMG_3307.HEIC,turtles,"shell box [806, 370, 834, 437]"
IMG_3308.heic,turtles,"shell box [63, 107, 868, 831]"
IMG_3309.heic,turtles,"shell box [91, 107, 915, 960]"
IMG_3310.heic,turtles,"shell box [82, 119, 866, 895]"
IMG_3311.heic,turtles,"shell box [183, 172, 930, 915]"
IMG_3312.heic,turtles,"shell box [128, 187, 880, 969]"
IMG_3313.heic,turtles,"shell box [107, 47, 893, 856]"
IMG_3314.heic,turtles,"shell box [55, 60, 893, 898]"
IMG_3315.heic,turtles,"shell box [108, 30, 936, 936]"
IMG_3316.heic,turtles,"shell box [108, 123, 966, 903]"
IMG_3317.heic,turtles,"shell box [164, 170, 842, 809]"
IMG_3318.HEIC,turtles,"shell box [788, 809, 839, 906]"
IMG_3320.heic,turtles,"shell box [148, 59, 885, 843]"
IMG_3321.heic,turtles,"shell box [98, 69, 915, 903]"
IMG_3322.heic,turtles,"shell box [58, 62, 924, 930]"
IMG_3323.heic,turtles,"shell box [91, 19, 924, 912]"
IMG_3325.HEIC,no_turtle,no turtle shell found
IMG_3326.heic,turtles,"shell box [94, 80, 915, 916]"
IMG_3327.heic,turtles,"shell box [70, 64, 915, 935]"
IMG_3328.heic,turtles,"shell box [126, 48, 936, 946]"
IMG_3329.heic,turtles,"shell box [95, 75, 850, 887]"
IMG_3330.heic,turtles,"shell box [128, 64, 725, 903]"
IMG_3331.HEIC,turtles,"shell box [827, 497, 882, 584]"
IMG_3335.heic,turtles,"shell box [63, 85, 917, 951]"
IMG_3336.HEIC,turtles,"shell box [155, 196, 850, 966]"
IMG_3337.HEIC,turtles,"shell box [232, 122, 861, 840]"
IMG_3338.HEIC,turtles,"shell box [853, 219, 894, 267]"
IMG_3339.HEIC,no_turtle,no turtle shell found
IMG_3342.HEIC,turtles,"shell box [327, 735, 516, 882]"
IMG_3343.HEIC,no_turtle,no turtle shell found
IMG_3344.HEIC,turtles,"shell box [486, 396, 746, 706]"
IMG_3345.heic,turtles,"shell box [94, 76, 888, 884]"
IMG_3346.heic,turtles,"shell box [126, 75, 874, 924]"
IMG_3348.heic,turtles,"shell box [63, 53, 921, 919]"
IMG_3349.HEIC,turtles,"shell box [879, 403, 930, 465]"
IMG_3350.heic,turtles,"shell box [107, 169, 882, 959]"
IMG_3351.heic,turtles,"shell box [104, 215, 822, 962]"
IMG_3352.HEIC,turtles,"shell box [163, 160, 775, 804]"
IMG_3420.HEIC,turtles,"shell box [740, 458, 786, 502]"
IMG_3421.heic,turtles,"shell box [95, 149, 836, 969]"
IMG_3422.heic,turtles,"shell box [104, 144, 831, 959]"
IMG_3423.heic,turtles,"shell box [108, 42, 843, 878]"
IMG_3424.heic,turtles,"shell box [171, 185, 861, 915]"
IMG_3425.JPEG,turtles,"shell box [556, 335, 663, 604]"
IMG_3426.HEIC,turtles,"shell box [839, 437, 864, 465]"
IMG_3427.heic,turtles,"shell box [108, 149, 892, 920]"
IMG_3428.heic,turtles,"shell box [75, 140, 836, 952]"
IMG_3429.heic,turtles,"shell box [145, 107, 878, 853]"
IMG_3430.heic,turtles,"shell box [164, 252, 824, 893]"
IMG_3430.jpeg,duplicates,same shot as IMG_3430.heic
IMG_3431.heic,turtles,"shell box [33, 53, 960, 936]"
IMG_3433.HEIC,turtles,"shell box [769, 388, 797, 428]"
IMG_3434.heic,turtles,"shell box [154, 258, 808, 946]"
IMG_3435.heic,turtles,"shell box [201, 263, 772, 924]"
IMG_3436.heic,turtles,"shell box [151, 67, 827, 773]"
IMG_3437.heic,turtles,"shell box [146, 52, 818, 911]"
IMG_3438.heic,turtles,"shell box [128, 188, 834, 906]"
IMG_3439.heic,turtles,"shell box [151, 63, 829, 843]"
IMG_3440.heic,turtles,"shell box [102, 230, 848, 988]"
IMG_3441.heic,turtles,"shell box [94, 107, 915, 936]"
IMG_3442 2.HEIC,duplicates,same shot as IMG_3442.HEIC
IMG_3442.HEIC,no_turtle,no turtle shell found
IMG_3443 2.HEIC,duplicates,same shot as IMG_3443.HEIC
IMG_3443.HEIC,turtles,"shell box [560, 318, 831, 477]"
IMG_3444.heic,turtles,"shell box [170, 126, 915, 831]"
IMG_3445.heic,turtles,"shell box [63, 85, 908, 888]"
IMG_3446.HEIC,turtles,"shell box [772, 532, 843, 595]"
IMG_3447.heic,turtles,"shell box [104, 150, 834, 917]"
IMG_3448.heic,turtles,"shell box [102, 130, 922, 946]"
IMG_3449.heic,turtles,"shell box [78, 86, 936, 915]"
IMG_3450.HEIC,turtles,"shell box [211, 260, 608, 640]"
IMG_3451.heic,turtles,"shell box [172, 280, 914, 958]"
IMG_3452.heic,turtles,"shell box [63, 89, 951, 966]"
IMG_3453.HEIC,turtles,"shell box [100, 46, 768, 824]"
IMG_3454.heic,turtles,"shell box [75, 50, 715, 969]"
IMG_3455.HEIC,turtles,"shell box [809, 159, 887, 239]"
IMG_3456.heic,turtles,"shell box [79, 126, 882, 889]"
IMG_3457.heic,turtles,"shell box [10, 114, 755, 848]"
IMG_3458.HEIC,turtles,"shell box [0, 142, 759, 894]"
IMG_3459.heic,turtles,"shell box [75, 114, 915, 895]"
IMG_3460.heic,turtles,"shell box [36, 68, 977, 908]"
IMG_3461.heic,turtles,"shell box [186, 149, 836, 921]"
IMG_3462.heic,turtles,"shell box [201, 305, 675, 762]"
IMG_3465.heic,turtles,"shell box [108, 146, 853, 938]"
IMG_3466.HEIC,no_turtle,no turtle shell found
IMG_3470.heic,turtles,"shell box [170, 252, 750, 917]"
IMG_3471.heic,turtles,"shell box [203, 173, 814, 807]"
IMG_3472 2.HEIC,duplicates,same shot as IMG_3472.HEIC
IMG_3472.HEIC,no_turtle,no turtle shell found
IMG_3473 2.HEIC,duplicates,same shot as IMG_3473.HEIC
IMG_3473.HEIC,turtles,"shell box [411, 321, 638, 620]"
IMG_3474.heic,turtles,"shell box [163, 178, 822, 894]"
IMG_3475.HEIC,turtles,"shell box [831, 309, 874, 385]"
IMG_3476.heic,turtles,"shell box [146, 177, 843, 874]"
IMG_3477.HEIC,turtles,"shell box [432, 292, 887, 764]"
IMG_3478.HEIC,turtles,"shell box [240, 319, 781, 848]"
IMG_3479.HEIC,turtles,"shell box [193, 219, 960, 856]"
IMG_3480.heic,turtles,"shell box [89, 107, 874, 881]"
IMG_3481.heic,turtles,"shell box [136, 172, 878, 893]"
IMG_3482.heic,turtles,"shell box [116, 172, 856, 898]"
IMG_3483.heic,turtles,"shell box [152, 126, 856, 903]"
IMG_3491.heic,turtles,"shell box [800, 142, 856, 192]"
IMG_3492.heic,turtles,"shell box [121, 79, 937, 882]"
IMG_3493.heic,turtles,"shell box [74, 126, 866, 936]"
IMG_3494.heic,turtles,"shell box [74, 38, 915, 981]"
IMG_3495.heic,turtles,"shell box [91, 52, 856, 966]"
IMG_3496.heic,turtles,"shell box [148, 54, 693, 868]"
IMG_3497.heic,turtles,"shell box [157, 219, 831, 870]"
IMG_3498.HEIC,turtles,"shell box [732, 388, 769, 421]"
IMG_3499.heic,turtles,"shell box [128, 203, 862, 930]"
IMG_3500.heic,turtles,"shell box [91, 186, 808, 912]"
IMG_3502.heic,turtles,"shell box [121, 38, 924, 912]"
IMG_3729 2.heic,turtles,"shell box [152, 172, 842, 893]"
IMG_3729.heic,turtles,"shell box [267, 313, 627, 706]"
IMG_3730.heic,turtles,"shell box [157, 72, 825, 796]"
IMG_3731.heic,turtles,"shell box [168, 93, 761, 908]"
IMG_3732.heic,turtles,"shell box [138, 260, 803, 727]"
IMG_3733.heic,turtles,"shell box [95, 205, 738, 777]"
IMG_3735.HEIC,turtles,"shell box [762, 620, 782, 644]"
IMG_3737.heic,turtles,"shell box [166, 67, 839, 855]"
IMG_3738.heic,turtles,"shell box [67, 85, 874, 966]"
IMG_3739.heic,turtles,"shell box [63, 67, 893, 951]"
IMG_3740.HEIC,turtles,"shell box [825, 570, 845, 600]"
IMG_3741.HEIC,turtles,"shell box [516, 417, 659, 545]"
IMG_3742.jpg,turtles,"shell box [124, 47, 911, 917]"
IMG_3743.jpg,turtles,"shell box [98, 51, 878, 942]"
IMG_3744.jpg,turtles,"shell box [170, 114, 755, 903]"
IMG_3745.jpg,turtles,"shell box [128, 97, 903, 888]"
IMG_3746.jpg,turtles,"shell box [116, 79, 874, 928]"
IMG_3872.HEIC,turtles,"shell box [760, 391, 782, 422]"
IMG_3873.HEIC,turtles,"shell box [566, 408, 672, 524]"
IMG_3874.HEIC,turtles,"shell box [483, 381, 712, 638]"
IMG_3875.heic,turtles,"shell box [163, 219, 755, 936]"
IMG_3876.heic,turtles,"shell box [108, 194, 881, 951]"
IMG_3877.heic,turtles,"shell box [155, 62, 831, 847]"
IMG_3878.heic,turtles,"shell box [98, 126, 818, 915]"
IMG_3879.HEIC,turtles,"shell box [287, 120, 755, 810]"
IMG_3880.HEIC,turtles,"shell box [303, 245, 713, 890]"
IMG_3881.HEIC,turtles,"shell box [637, 563, 656, 602]"
IMG_3882.HEIC,turtles,"shell box [693, 672, 715, 719]"
IMG_3883.HEIC,turtles,"shell box [657, 502, 792, 646]"
IMG_3884.HEIC,turtles,"shell box [197, 451, 555, 856]"
IMG_3885.HEIC,turtles,"shell box [444, 423, 804, 823]"
IMG_3886.HEIC,turtles,"shell box [896, 178, 932, 248]"
IMG_5105.JPEG,turtles,"shell box [253, 267, 781, 804]"
IMG_5106.JPEG,turtles,"shell box [244, 279, 765, 815]"
IMG_5107.JPEG,turtles,"shell box [257, 276, 792, 831]"
IMG_5108.JPEG,turtles,"shell box [270, 226, 831, 768]"
IMG_5109.JPEG,turtles,"shell box [146, 290, 666, 888]"
IMG_5111.JPEG,turtles,"shell box [215, 327, 628, 810]"
IMG_5112.JPEG,turtles,"shell box [215, 313, 563, 792]"
IMG_6670.JPEG,turtles,"shell box [494, 364, 535, 461]"
IMG_6671.JPEG,turtles,"shell box [392, 287, 824, 691]"
IMG_7369.jpg,turtles,"shell box [128, 258, 891, 977]"
IMG_7412.jpg,turtles,"shell box [174, 237, 915, 951]"
IMG_7448.jpg,turtles,"shell box [60, 96, 900, 921]"
IMG_7518.JPEG,turtles,"shell box [383, 420, 539, 497]"
IMG_7529.JPEG,turtles,"shell box [512, 355, 627, 519]"
IMG_7530.JPEG,turtles,"shell box [531, 376, 642, 532]"
IMG_7531 2.JPEG,duplicates,same shot as IMG_7531.JPEG
IMG_7531.JPEG,turtles,"shell box [594, 408, 715, 540]"
IMG_7557.JPEG,turtles,"shell box [421, 410, 537, 663]"
IMG_7562.JPEG,turtles,"shell box [323, 219, 712, 622]"
IMG_7563.JPEG,turtles,"shell box [390, 360, 560, 692]"
IMG_7616.JPEG,turtles,"shell box [383, 227, 856, 655]"
IMG_7675.JPG,turtles,"shell box [403, 228, 706, 545]"
IMG_7676.JPG,turtles,"shell box [309, 348, 678, 707]"
IMG_7678.jpg,turtles,"shell box [91, 74, 922, 908]"
IMG_7682.jpg,turtles,"shell box [182, 160, 804, 915]"
IMG_7848.jpg,turtles,"shell box [82, 102, 895, 917]"
IMG_7849.JPEG,turtles,"shell box [287, 219, 712, 773]"
IMG_7849.jpg,turtles,"shell box [128, 30, 810, 931]"
IMG_7850.jpg,turtles,"shell box [102, 164, 638, 817]"
IMG_7851.JPEG,turtles,"shell box [794, 532, 850, 586]"
IMG_7962.JPEG,turtles,"shell box [266, 250, 706, 725]"
IMG_7963.JPEG,turtles,"shell box [247, 309, 712, 696]"
IMG_7963.jpg,turtles,"shell box [48, 155, 882, 852]"
IMG_7964.JPEG,turtles,"shell box [305, 290, 663, 646]"
IMG_7964.jpg,turtles,"shell box [139, 169, 788, 818]"
IMG_7965.JPEG,turtles,"shell box [245, 277, 715, 722]"
IMG_7965.jpg,turtles,"shell box [74, 107, 936, 917]"
IMG_7967.JPEG,turtles,"shell box [632, 482, 665, 506]"
IMG_7968.JPEG,turtles,"shell box [299, 363, 517, 608]"
IMG_7968.jpg,turtles,"shell box [48, 172, 638, 818]"
IMG_7969.JPEG,turtles,"shell box [297, 305, 712, 725]"
IMG_7969.jpg,turtles,"shell box [159, 137, 866, 842]"
IMG_7970.JPEG,turtles,"shell box [193, 355, 597, 611]"
IMG_7971.JPEG,turtles,"shell box [0, 344, 401, 843]"
IMG_7972.JPEG,turtles,"shell box [556, 394, 595, 442]"
IMG_7973.JPEG,turtles,"shell box [604, 344, 674, 426]"
IMG_8027.JPEG,turtles,"shell box [414, 396, 540, 551]"
IMG_8028.jpg,turtles,"shell box [146, 219, 794, 908]"
IMG_8029.jpg,turtles,"shell box [90, 237, 755, 788]"
IMG_8030.JPEG,turtles,"shell box [168, 287, 535, 649]"
IMG_8030.jpg,turtles,"shell box [46, 233, 592, 764]"
IMG_8031.JPEG,turtles,"shell box [698, 644, 757, 694]"
image0.jpg,turtles,"shell box [330, 273, 868, 922]"
image2 2.JPEG,turtles,"shell box [414, 283, 497, 442]"
image2.JPEG,turtles,"shell box [184, 303, 672, 718]"
image3.jpg,turtles,"shell box [154, 271, 861, 957]"
