time,filename,upload_id,set_id,photos_in_set,true_answer,set_pick,set_result,set_spot_score,best_pick,best_result,best_spot_score,best_confirmed,best_top5,gemini_pick,gemini_result,gemini_reason,sift_pick,sift_result,sift_score,embeddings_pick,embeddings_result,whole_photo_pick,whole_photo_result,notes
2026-10-10T11:38:06,IMG_3430.jpeg,20261010-113754-2ee2f3,,1,Lotus,,,,Chopsticks,in top 5,3.9,no,Chopsticks; Flower; Lotus; Sunflower; Shingles,Lotus,right,"Candidate E shares an identical carapace pattern, including the distinctive radial ring of spots on the posterior central scute and identical spot configurations across all vertebral and pleural scutes.",Chopsticks,in top 5,3.9,Lotus,right,Flower_2,wrong,
2026-10-10T11:43:03,IMG_2915.HEIC,20261010-114252-faf732,,1,Faded_Flower,,,,Faded_Flower,right,5.9,yes,Faded_Flower; T066; Esther; T117; Flower,Faded_Flower,right,"Candidate A shares identical central scute markings, including the distinctive paired V-shaped spots and radiating dash layout.",Faded_Flower,right,5.9,Faded_Flower,right,Compass,wrong,
2026-10-10T11:43:16,IMG_2915.HEIC,20261010-114306-9504ec,,1,Faded_Flower,,,,Faded_Flower,right,6.5,yes,Faded_Flower; Shingles; Strobe_II; T066; Flower,Faded_Flower,right,"Candidate E displays an identical configuration of yellow markings, including the distinctive vertebral stripe and radiating costal patterns.",Faded_Flower,right,6.5,Faded_Flower,right,Compass,wrong,
2026-10-10T11:45:30,IMG_3310.heic,20261010-114522-115cf2,,1,Faded_Flower,,,,Faded_Flower,right,8.7,yes,Faded_Flower; D.E.P.; Flower; Shingles; Cruella,Faded_Flower,right,Candidate D shows identical spot patterns and layout on all visible scutes as the QUERY turtle.,Faded_Flower,right,8.7,T117,wrong,T117,wrong,
2026-10-10T11:46:15,IMG_3321.heic,20261010-114606-8acf49,,1,Faded_Flower,,,,Faded_Flower,right,2.0,no,Faded_Flower; Cruella; Flower; D.E.P.; Sunflower,Faded_Flower,right,Candidate E displays an identical yellow spot and dash layout across all vertebral and costal scutes.,Faded_Flower,right,2.0,Cruella,in top 5,Cruella,wrong,
2026-10-10T11:50:19,IMG_2946.HEIC,20261010-115009-9542e7,,1,Shingles,,,,Shingles,right,1.5,no,Shingles; Cruella; T117; Faded_Flower; Esther,Shingles,right,"Candidate C matches the query precisely in the vertebral dot ring pattern, central keel line, and the circular scute scar on the left side.",T117,in top 5,1.5,Cruella,in top 5,Esther,wrong,
2026-10-10T11:52:07,IMG_3188.HEIC,20261010-115154-75d49f,,1,Flower,,,,Flower,right,4.8,yes,Flower; Sunflower; T117; Shingles; Cruella,Sunflower,in top 5,"Candidate A matches the query's distinct radial scute spot patterns and central vertebral mark perfectly, appearing identical when wet.",Flower,right,4.8,Sunflower,in top 5,Sunflower,in top 5,
2026-10-10T11:53:11,IMG_3206.HEIC,20261010-115304-f0aeec,,1,Flower,,,,Flower,right,3.1,no,Flower; Jigsaw; Sunflower; Cruella; Compass,Flower,right,Candidate E displays identical spot arrangements and radiating mark shapes across all vertebral and costal scutes.,Flower,right,3.1,Sunflower,wrong,Sunflower,wrong,
2026-10-10T11:53:37,IMG_3216.HEIC,20261010-115327-494099,,1,Flower,,,,Flower,right,3.0,no,Flower; Sunflower; Cruella; T117; Compass,Flower,right,Candidate E matches the QUERY perfectly in both the vertebral ring spot clusters and the lateral scute stripe/blotch patterns.,Flower,right,3.0,Sunflower,in top 5,Jigsaw,in top 5,
2026-10-10T11:54:02,IMG_3479.HEIC,20261010-115354-e84069,,1,Spikey,,,,Spikey,right,2.0,no,Spikey; T117; Shingles; Cruella; Compass,Spikey,right,Candidate A displays the identical yellow mark shapes and radiating stripe layouts across all visible vertebral and pleural scutes as the QUERY.,Spikey,right,2.0,Spikey,right,Compass,in top 5,
2026-10-10T11:56:13,IMG_3330.heic,20261010-115604-920515,,1,Compass,,,,Compass,right,4.3,yes,Compass; T066; Rooster_II; Spikey; T122,Compass,right,"Candidate D shows identical scute shapes and marking patterns, including the distinct central vertical line and surrounding yellow arrangements.",Compass,right,4.3,T122,in top 5,Compass,right,
2026-10-10T11:57:23,IMG_3215.HEIC,20261010-115709-ec0fe3,,1,Flower,,,,Flower,right,1.6,no,Flower; Compass; Sunflower; T117; Flower_2,Flower_2,in top 5,"Candidate E matches the query perfectly in every scute pattern, including the distinctive flower-like rings of yellow dots on the pleural scutes and paired dots along the vertebral scutes.",Flower,right,1.6,Flower_2,in top 5,T117,in top 5,
2026-10-10T11:58:55,IMG_3210.HEIC,20261010-115843-647816,,1,Flower,,,,Flower,right,0.6,no,Flower; Cruella; Jigsaw; Shingles; T117,Flower,right,Candidate B matches the unique spot and line configurations across all central vertebral and pleural scutes.,Cruella,in top 5,0.8,Flower,right,Flower,right,
2026-10-10T11:59:28,IMG_3210.HEIC,20261010-115920-2f39b8,,1,Flower,,,,Flower,right,0.5,no,Flower; T117; Bubbles; Shingles; Cruella,Flower,right,Candidate B (photo 3) matches the QUERY in exact vertebral and pleural scute dot configurations and shell texture.,Bubbles,in top 5,1.0,T117,in top 5,Flower,right,
2026-10-10T12:01:13,IMG_7448.jpg,20261010-120104-dcbe05,,1,Jazzy,,,,Jazzy,right,2.6,no,Jazzy; Sunflower; T117; Shingles; Glyph,Jazzy,right,"Candidate C matches the QUERY turtle identically in the specific shape, orientation, and placement of all yellow radiating spots across every visible vertebral and costal scute.",Jazzy,right,2.6,T117,in top 5,T117,wrong,
2026-10-10T12:02:15,IMG_7563.JPEG,20261010-120204-dd0090,,1,Jazzy,,,,Cruella,in top 5,0.8,no,Cruella; Jazzy; Jigsaw; T117; Shingles,Jazzy,right,"Candidate C matches the QUERY turtle perfectly in scute ring/starburst spot patterns, growth ring textures, and vertebral keel markings.",Cruella,wrong,0.8,Jazzy,right,T117,wrong,
2026-10-10T12:03:55,IMG_3478.HEIC,20261010-120348-f84e3d,,1,Spikey,,,,Spikey,right,1.2,no,Spikey; Jigsaw; Compass; Cruella; D.E.P.,Spikey,right,"Candidate C perfectly matches the query turtle's unique scute markings, including the vertical radiating stripes on the middle costal scute and the star-shaped pattern on the posterior costal scute.",Spikey,right,1.2,T117,in top 5,Compass,wrong,
2026-10-10T12:04:40,IMG_7675.JPG,20261010-120431-724e88,,1,new turtle,,,,Esther,,0.5,no,Esther; Chopsticks; Cruella; D.E.P.; Aztec,Aztec,,"Candidate C matches the query precisely across all scute marking shapes, including the distinct inverted-V pattern on the anterior costal scute and the vertical bar arrangement.",Esther,,0.5,Aztec,,Cruella,,
2026-10-10T12:05:21,IMG_2903.HEIC,20261010-120513-426e48,,1,new turtle,,,,D.E.P.,,0.9,no,D.E.P.; Compass; T117; Bubbles; Shingles,Bubbles,,Candidate C matches the query turtle's distinct orange spot layout and dual vertical streaks on the middle costal scute.,Compass,,1.1,Bubbles,,Cruella,,
2026-10-10T12:05:48,IMG_2940.HEIC,20261010-120538-cc9c02,,1,Shingles,,,,Shingles,right,1.1,no,Shingles; Flower; T117; Cruella; D.E.P.,Shingles,right,Candidate A shows an exact match in the distinctive cluster of yellow dots on the central vertebral scute and keel stripe details.,Shingles,right,1.1,Shingles,right,Flower_2,in top 5,
2026-10-10T12:08:25,IMG_3477.HEIC,20261010-120814-088e42,,1,new turtle,,,,Cruella,,0.5,no,Cruella; T117; Compass; Aztec; Jigsaw,Cruella,,"Candidate E matches the Query perfectly in vertebral line markings, costal pattern shapes, and shell scute details when accounting for orientation.",T039_70,,0.7,Cruella,,T117,,
2026-10-10T12:22:33,IMG_0795.JPG,20261010-122229-5e37f7,,1,new turtle,,,,Cruella,,0.3,no,Cruella; T117; Flower; T039_70; Shingles,,,,Flower,,0.7,Cruella,,Shingles,,
2026-10-10T12:22:37,IMG_0796.JPG,20261010-122233-1cc06a,,1,new turtle,,,,T045,,0.6,no,T045; Compass; T117; Cruella; T039_70,,,,T045,,0.6,Jazzy,,Flower_2,,
2026-10-10T12:22:41,IMG_1307.JPEG,20261010-122237-f78783,,1,new turtle,,,,Cruella,,0.6,no,Cruella; Compass; Rooster_II; Spikey; Jigsaw,,,,Cruella,,0.6,Compass,,Jigsaw,,
2026-10-10T12:22:43,IMG_1308.jpg,20261010-122241-706cad,,1,new turtle,,,,Compass,,0.4,no,Compass; Cruella; T117; Sunflower; Rooster,,,,T066,,0.4,Cruella,,Sunflower,,
2026-10-10T12:22:46,IMG_1309.jpg,20261010-122243-035a63,,1,new turtle,,,,T117,,0.7,no,T117; Flower; Cruella; Spikey; Jigsaw,,,,T117,,0.7,T117,,T117,,
2026-10-10T12:22:49,IMG_1310.JPEG,20261010-122246-4eaa8d,,1,bad photo,,,,T066,,0.6,no,T066; T117; Shingles; Jigsaw; Cruella,,,,T066,,0.6,Esther,,Lotus,,
2026-10-10T12:22:53,IMG_1311.JPEG,20261010-122249-11c82c,,1,new turtle,,,,Cruella,,0.6,no,Cruella; Shingles; T066; Sunflower; Rooster_II,,,,T066,,1.0,Cruella,,Jigsaw,,
2026-10-10T12:22:55,IMG_2774.HEIC,20261010-122253-e0cd06,,1,bad photo,,,,Cruella,,0.8,no,Cruella; Esther; Jigsaw; T117; T039_70,,,,Cruella,,0.8,Cruella,,T117,,
2026-10-10T12:22:58,IMG_2775.heic,20261010-122255-75b3ec,,1,new turtle,,,,Shingles,,0.6,no,Shingles; Compass; Cruella; Bubbles; Jigsaw,,,,Jigsaw,,0.6,Compass,,Flower_2,,
2026-10-10T12:23:00,IMG_2776.heic,20261010-122258-b439ca,,1,new turtle,,,,Cruella,,0.5,no,Cruella; Compass; D.E.P.; Chopsticks; Emoji,,,,Cruella,,0.5,Compass,,D.E.P.,,
2026-10-10T12:23:03,IMG_2777.HEIC,20261010-122300-86ba9e,,1,new turtle,,,,Spikey,,1.2,no,Spikey; Cruella; Compass; D.E.P.; T039_70,,,,Spikey,,1.2,Cruella,,Flower_2,,
2026-10-10T12:23:05,IMG_2778.HEIC,20261010-122303-9b6110,,1,new turtle,,,,Shingles,,0.6,no,Shingles; T117; T045; T039_70; Rooster_II,,,,T039_70,,0.8,Shingles,,Flower_2,,
2026-10-10T12:23:17,IMG_2779.HEIC,20261010-122305-17876d,,1,new turtle,,,,Shingles,,0.9,no,Shingles; Cruella; T045; Rooster_II; Compass,,,,Shingles,,0.9,Cruella,,Flower_2,,
2026-10-10T12:23:20,IMG_2780.HEIC,20261010-122317-70fad9,,1,new turtle,,,,Cruella,,0.4,no,Cruella; D.E.P.; Emoji; T122; Glyph,,,,Wishbone,,0.6,Cruella,,Flower_2,,
2026-10-10T12:23:23,IMG_2781.HEIC,20261010-122320-78e246,,1,new turtle,,,,Chopsticks,,0.9,no,Chopsticks; D.E.P.; Cruella; T045; Spikey,,,,Chopsticks,,0.9,D.E.P.,,Cruella,,
2026-10-10T12:23:40,IMG_2782.HEIC,20261010-122323-a9f20a,,1,Cruella,,,,Cruella,right,0.4,no,Cruella; Lotus; Esther; Shingles; Jigsaw,,,,Wishbone,in top 5,0.4,Esther,in top 5,D.E.P.,in top 5,
2026-10-10T12:23:44,IMG_2868.HEIC,20261010-122340-e90604,,1,new turtle,,,,Chopsticks,,2.2,no,Chopsticks; Sunflower; Flower; T045; Shingles,,,,Chopsticks,,2.2,Rooster_II,,Cruella,,
2026-10-10T12:23:47,IMG_2869.HEIC,20261010-122344-364fa6,,1,new turtle,,,,Cruella,,0.7,no,Cruella; Shingles; Compass; D.E.P.; Bubbles,,,,Compass,,0.9,D.E.P.,,Rooster_II,,
2026-10-10T12:23:50,IMG_2870.HEIC,20261010-122347-9f800d,,1,new turtle,,,,Cruella,,1.3,no,Cruella; T117; Compass; Spikey; Shingles,,,,Cruella,,1.3,Rooster_II,,Rooster_II,,
2026-10-10T12:23:52,IMG_2871.HEIC,20261010-122350-d56ed7,,1,new turtle,,,,Chopsticks,,1.3,no,Chopsticks; Jigsaw; Cruella; Flower; Shingles,,,,Jigsaw,,1.6,Emoji,,Fist,,
2026-10-10T12:23:54,IMG_2872.HEIC,20261010-122352-f2e78e,,1,new turtle,,,,Rooster_II,,0.2,no,Rooster_II; Shingles; T122; Compass; D.E.P.,,,,Spikey,,0.7,Rooster_II,,Shingles,,
2026-10-10T12:23:56,IMG_2873.HEIC,20261010-122354-6229c4,,1,new turtle,,,,D.E.P.,,0.5,no,D.E.P.; Emoji; Cruella; Bubbles; Shingles,,,,Flower,,0.7,D.E.P.,,Shingles,,
2026-10-10T12:23:58,IMG_2874.HEIC,20261010-122356-5ec9a0,,1,new turtle,,,,Rooster_II,,0.5,no,Rooster_II; Cruella; T122; Lotus; T026,,,,Lotus,,1.0,Emoji,,T045,,
2026-10-10T12:24:00,IMG_2875.HEIC,20261010-122358-c1b4b2,,1,new turtle,,,,Cruella,,1.0,no,Cruella; Shingles; Compass; T039_70; Rooster_II,,,,Cruella,,1.0,Rooster_II,,Chopsticks,,
2026-10-10T12:24:02,IMG_2876.HEIC,20261010-122400-79874e,,1,new turtle,,,,Rooster_II,,0.8,no,Rooster_II; Shingles; Jigsaw; T117; D.E.P.,,,,Jigsaw,,1.1,Rooster_II,,T045,,
2026-10-10T12:24:04,IMG_2878.HEIC,20261010-122402-c5871e,,1,new turtle,,,,Cruella,,0.8,no,Cruella; Rooster_II; D.E.P.; T066; Bubbles,,,,Lotus,,1.0,Rooster_II,,T045,,
2026-10-10T12:24:07,IMG_2879.HEIC,20261010-122404-4bfdc3,,1,bad photo,,,,T066,,2.2,no,T066; Cruella; Shingles; Bubbles; Compass,,,,T066,,2.2,Emoji,,Cruella,,
2026-10-10T12:24:09,IMG_2880.HEIC,20261010-122407-3ccb29,,1,bad photo,,,,Shingles,,1.1,no,Shingles; Esther; Chopsticks; Compass; Cruella,,,,Esther,,1.4,Shingles,,Shingles,,
2026-10-10T12:24:12,IMG_2881.HEIC,20261010-122409-2fd084,,1,bad photo,,,,Cruella,,2.0,no,Cruella; Compass; Jigsaw; Shingles; Esther,,,,Cruella,,2.0,Shingles,,Shingles,,
2026-10-10T12:24:15,IMG_2882.HEIC,20261010-122412-1ab4a1,,1,bad photo,,,,Compass,,2.5,no,Compass; Shingles; Esther; Lotus; Cruella,,,,Compass,,2.5,Shingles,,Shingles,,
2026-10-10T12:24:17,IMG_2883.HEIC,20261010-122415-61dd3b,,1,bad photo,,,,Esther,,2.3,no,Esther; Cruella; Spikey; Lotus; Compass,,,,Esther,,2.3,Shingles,,Shingles,,
2026-10-10T12:24:20,IMG_2884.HEIC,20261010-122417-5fddef,,1,bad photo,,,,D.E.P.,,0.7,no,D.E.P.; Shingles; Bubbles; Cruella; Rooster_II,,,,Bubbles,,0.9,Compass,,Flower,,
2026-10-10T12:24:24,IMG_2885.HEIC,20261010-122420-65d636,,1,new turtle,,,,D.E.P.,,1.2,no,D.E.P.; Cruella; Chopsticks; Flower; Faded_Flower,,,,Faded_Flower,,1.3,Cruella,,Cruella,,
2026-10-10T12:24:27,IMG_2886.heic,20261010-122424-c0f2b3,,1,new turtle,,,,Cruella,,0.6,no,Cruella; T117; T066; Lotus; Bubbles,,,,T117,,1.2,Cruella,,Cruella,,
2026-10-10T12:24:30,IMG_2887.HEIC,20261010-122427-7989a8,,1,new turtle,,,,Shingles,,0.9,no,Shingles; Flower; Compass; Cruella; Rooster_II,,,,Shingles,,0.9,D.E.P.,,Cruella,,
2026-10-10T12:24:33,IMG_2888.HEIC,20261010-122430-02b10f,,1,new turtle,,,,Compass,,0.2,no,Compass; Esther; Cruella; T117; Chopsticks,,,,Esther,,0.6,Compass,,Cruella,,
2026-10-10T12:24:36,IMG_2889.HEIC,20261010-122433-424d0b,,1,new turtle,,,,Jigsaw,,1.1,no,Jigsaw; Compass; Cruella; T039_70; Sunflower,,,,T039_70,,1.2,Cruella,,Cruella,,
2026-10-10T12:24:38,IMG_2890.HEIC,20261010-122436-df45e6,,1,new turtle,,,,Compass,,0.8,no,Compass; T117; Cruella; Shingles; Rooster,,,,Compass,,0.8,Cruella,,Cruella,,
2026-10-10T12:24:43,IMG_2891.HEIC,20261010-122438-366e34,,1,new turtle,,,,Cruella,,0.4,no,Cruella; D.E.P.; Chopsticks; Compass; Sunflower,,,,Chopsticks,,0.7,Cruella,,Cruella,,
2026-10-10T12:24:46,IMG_2892.HEIC,20261010-122443-a11086,,1,new turtle,,,,Cruella,,0.4,no,Cruella; Chopsticks; Lotus; Jigsaw; Esther,,,,Faded_Flower,,0.8,Cruella,,Lotus,,
2026-10-10T12:24:50,IMG_2893.HEIC,20261010-122446-761624,,1,new turtle,,,,Shingles,,1.4,no,Shingles; Compass; Sunflower; Bubbles; Flower,,,,Shingles,,1.4,Compass,,Cruella,,
2026-10-10T12:24:52,IMG_2894.HEIC,20261010-122450-661f3c,,1,new turtle,,,,Rooster,,0.6,no,Rooster; Rooster_II; Cruella; Chopsticks; Shingles,,,,Chopsticks,,1.2,Bubbles,,Fist,,
2026-10-10T12:24:54,IMG_2895.HEIC,20261010-122452-18602a,,1,new turtle,,,,D.E.P.,,0.4,no,D.E.P.; Bubbles; T122; Cruella; Emoji,,,,D.E.P.,,0.4,D.E.P.,,Rooster_II,,
2026-10-10T12:24:56,IMG_2896.HEIC,20261010-122454-020be8,,1,new turtle,,,,T039_70,,1.4,no,T039_70; D.E.P.; T066; Rooster_II; Bubbles,,,,T039_70,,1.4,Emoji,,Fist,,
2026-10-10T12:24:59,IMG_2897.HEIC,20261010-122456-f65b4a,,1,new turtle,,,,T122,,0.3,no,T122; Cruella; Shingles; D.E.P.; Rooster_II,,,,Shingles,,0.6,T122,,Fist,,
2026-10-10T12:25:01,IMG_2898.HEIC,20261010-122459-ffec9d,,1,new turtle,,,,T039_70,,1.2,no,T039_70; Chopsticks; D.E.P.; Shingles; Cruella,,,,T039_70,,1.2,T122,,Fist,,
2026-10-10T12:25:04,IMG_2899.HEIC,20261010-122501-248a82,,1,new turtle,,,,Shingles,,0.9,no,Shingles; D.E.P.; Rooster_II; Bubbles; Faded_Flower,,,,Bubbles,,1.1,Rooster_II,,Shingles,,
2026-10-10T12:25:06,IMG_2900.HEIC,20261010-122504-9283eb,,1,new turtle,,,,Shingles,,0.9,no,Shingles; D.E.P.; Rooster_II; Faded_Flower; T039_70,,,,Shingles,,0.9,Shingles,,Shingles,,
2026-10-10T12:25:09,IMG_2901.HEIC,20261010-122506-302bdd,,1,new turtle,,,,T117,,0.8,no,T117; Cruella; Rooster_II; D.E.P.; Compass,,,,T117,,0.8,D.E.P.,,Cruella,,
2026-10-10T12:25:11,IMG_2902.HEIC,20261010-122509-c30ea6,,1,new turtle,,,,T117,,1.1,no,T117; Cruella; D.E.P.; Esther; Emoji,,,,T117,,1.1,Bubbles,,Cruella,,
2026-10-10T12:25:14,IMG_2904.HEIC,20261010-122511-3d5776,,1,bad photo,,,,Esther,,0.8,no,Esther; Compass; Chopsticks; Shingles; Lotus,,,,Chopsticks,,1.7,Esther,,Lotus,,
2026-10-10T12:25:17,IMG_2905.HEIC,20261010-122514-1947b7,,1,new turtle,,,,Bubbles,,1.0,no,Bubbles; T117; Shingles; T103x; T122,,,,T103x,,1.1,Bubbles,,Strobe,,
2026-10-10T12:25:19,IMG_2906.HEIC,20261010-122517-a47ff0,,1,new turtle,,,,D.E.P.,,1.3,no,D.E.P.; Jigsaw; T117; Shingles; Flower,,,,Jigsaw,,2.6,Bubbles,,Bubbles,,
2026-10-10T12:25:20,IMG_2907.HEIC,20261010-122519-305d46,,1,new turtle,,,,Sunflower,,1.9,no,Sunflower; Shingles; Emoji; Bubbles; D.E.P.,,,,Sunflower,,1.9,Bubbles,,Bubbles,,
2026-10-10T12:25:27,IMG_2909.HEIC,20261010-122525-28bb26,,1,new turtle,,,,Shingles,,1.5,no,Shingles; T039_70; Jigsaw; Cruella; D.E.P.,,,,Jigsaw,,1.9,D.E.P.,,Bubbles,,
2026-10-10T12:25:29,IMG_2910.HEIC,20261010-122527-5a6fb7,,1,new turtle,,,,Shingles,,0.9,no,Shingles; Bubbles; Cruella; Lotus; D.E.P.,,,,T026,,0.9,Shingles,,Shingles,,
2026-10-10T12:25:31,IMG_2911.HEIC,20261010-122529-fdf188,,1,Faded_Flower,,,,Cruella,wrong,0.4,no,Cruella; Flower; Jigsaw; T066; T117,,,,Spikey,wrong,0.6,Cruella,wrong,T045,wrong,
2026-10-10T12:25:35,IMG_2912.HEIC,20261010-122531-08939d,,1,Faded_Flower,,,,Faded_Flower,right,10.9,yes,Faded_Flower; Shingles; Cruella; T117; Sunflower,,,,Faded_Flower,right,10.9,T117,in top 5,Flower,wrong,
2026-10-10T12:25:38,IMG_2913.HEIC,20261010-122535-9366fd,,1,Faded_Flower,,,,Faded_Flower,right,10.2,yes,Faded_Flower; Flower; Cruella; Esther; Sunflower,,,,Faded_Flower,right,10.2,Faded_Flower,right,T045,wrong,
2026-10-10T12:25:40,IMG_2914.HEIC,20261010-122538-318e9b,,1,Faded_Flower,,,,Faded_Flower,right,9.0,yes,Faded_Flower; Cruella; Shingles; Jigsaw; Compass,,,,Faded_Flower,right,9.0,Shingles,in top 5,Compass,wrong,
2026-10-10T12:25:43,IMG_2916.HEIC,20261010-122540-61a300,,1,Faded_Flower,,,,Faded_Flower,right,4.1,yes,Faded_Flower; Sunflower; Cruella; Flower; T117,,,,Faded_Flower,right,4.1,Cruella,in top 5,Cruella,wrong,
2026-10-10T12:25:45,IMG_2917.HEIC,20261010-122543-349dd6,,1,Faded_Flower,,,,Faded_Flower,right,3.3,no,Faded_Flower; Sunflower; Cruella; Compass; Flower,,,,Faded_Flower,right,3.3,Faded_Flower,right,Cruella,wrong,
2026-10-10T12:25:49,IMG_2918.HEIC,20261010-122545-5ec34e,,1,Faded_Flower,,,,Faded_Flower,right,4.7,yes,Faded_Flower; Flower; Shingles; T066; T117,,,,Faded_Flower,right,4.7,Flower,in top 5,Flower,wrong,
2026-10-10T12:25:51,IMG_2919.HEIC,20261010-122549-f70557,,1,Faded_Flower,,,,Faded_Flower,right,2.6,no,Faded_Flower; Jigsaw; T117; Compass; Esther,,,,Faded_Flower,right,2.6,Esther,wrong,Esther,wrong,
2026-10-10T12:25:55,IMG_2920.HEIC,20261010-122551-13512e,,1,new turtle,,,,Chopsticks,,1.3,no,Chopsticks; Compass; Shingles; T066; Bubbles,,,,Bubbles,,1.3,Rooster_II,,Cruella,,
2026-10-10T12:26:02,IMG_2921.HEIC,20261010-122555-d0ba08,,1,new turtle,,,,D.E.P.,,1.4,no,D.E.P.; Rooster_II; Chopsticks; Esther; Shingles,,,,D.E.P.,,1.4,Cruella,,Cruella,,
2026-10-10T12:26:06,IMG_2922.HEIC,20261010-122602-4461ec,,1,new turtle,,,,Sunflower,,1.4,no,Sunflower; Shingles; T117; Flower; T122,,,,Sunflower,,1.4,Rooster_II,,Cruella,,
2026-10-10T12:26:08,IMG_2923.HEIC,20261010-122606-df2ae9,,1,new turtle,,,,T039_70,,0.7,no,T039_70; Bubbles; Cruella; Rooster; Aztec,,,,T039_70,,0.7,Rooster,,Esther,,
2026-10-10T12:26:11,IMG_2924.HEIC,20261010-122608-d0909a,,1,new turtle,,,,Cruella,,0.3,no,Cruella; Rooster_II; T117; Aztec; Shingles,,,,T117,,0.7,Cruella,,T066,,
2026-10-10T12:26:15,IMG_2925.HEIC,20261010-122611-2492e1,,1,new turtle,,,,Cruella,,0.5,no,Cruella; Flower; Shingles; Compass; Bubbles,,,,Faded_Flower,,0.9,Cruella,,Cruella,,
2026-10-10T12:26:18,IMG_2926.HEIC,20261010-122615-d7fa73,,1,Cruella,,,,Cruella,right,4.5,yes,Cruella; T039_70; Flower; Wishbone; Sunflower,,,,Cruella,right,4.5,Cruella,right,Cruella,right,
2026-10-10T12:26:22,IMG_2927.HEIC,20261010-122618-64aac9,,1,Cruella,,,,Cruella,right,3.2,no,Cruella; Flower; Compass; Shingles; Fist,,,,Cruella,right,3.2,Cruella,right,Flower,in top 5,
2026-10-10T12:26:29,IMG_2928.HEIC,20261010-122622-126d39,,1,Cruella,,,,Cruella,right,5.5,yes,Cruella; Compass; Flower; Esther; Faded_Flower,,,,Cruella,right,5.5,Cruella,right,Cruella,right,
2026-10-10T12:26:31,IMG_2929.HEIC,20261010-122629-84d06a,,1,Cruella,,,,Cruella,right,3.0,no,Cruella; Jigsaw; Compass; Sunflower; Chopsticks,,,,Cruella,right,3.0,Compass,in top 5,Cruella,right,
2026-10-10T12:26:34,IMG_2930.HEIC,20261010-122631-8aa0f9,,1,Cruella,,,,Cruella,right,2.7,no,Cruella; Rooster; T117; Bubbles; Esther,,,,Cruella,right,2.7,Cruella,right,T045,in top 5,
2026-10-10T12:26:36,IMG_2931.HEIC,20261010-122634-52ba5e,,1,Cruella,,,,Cruella,right,0.5,no,Cruella; Chopsticks; T117; Compass; Faded_Flower,,,,Chopsticks,in top 5,0.7,Cruella,right,Cruella,right,
2026-10-10T12:26:40,IMG_2932.HEIC,20261010-122636-4becdf,,1,Cruella,,,,Cruella,right,5.8,yes,Cruella; Compass; Jigsaw; Spikey; T117,,,,Cruella,right,5.8,Cruella,right,Esther,in top 5,
2026-10-10T12:26:43,IMG_2933.HEIC,20261010-122640-e691bb,,1,Cruella,,,,Cruella,right,5.3,yes,Cruella; Flower; Compass; Faded_Flower; Chopsticks,,,,Cruella,right,5.3,Compass,in top 5,Esther,in top 5,
2026-10-10T12:26:45,IMG_2934.HEIC,20261010-122643-8eb5a1,,1,Compass,,,,Compass,right,11.8,yes,Compass; T039_70; Wishbone; T066; Faded_Flower,,,,Compass,right,11.8,Compass,right,Compass,right,
2026-10-10T12:26:48,IMG_2935.HEIC,20261010-122645-1686b5,,1,Compass,,,,Compass,right,10.2,yes,Compass; Faded_Flower; Flower; Rooster_II; Chopsticks,,,,Compass,right,10.2,Flower,in top 5,Compass,right,
2026-10-10T12:26:50,IMG_2936.HEIC,20261010-122648-1ecc25,,1,Compass,,,,Compass,right,1.7,no,Compass; Flower; Cruella; Shingles; Spikey,,,,Compass,right,1.7,Compass,right,Compass,right,
2026-10-10T12:26:53,IMG_2938.HEIC,20261010-122650-91db74,,1,Compass,,,,Compass,right,13.5,yes,Compass; Cruella; D.E.P.; Flower; Chopsticks,,,,Compass,right,13.5,Cruella,in top 5,Aztec,wrong,
2026-10-10T12:26:55,IMG_2939.HEIC,20261010-122653-ab6dcb,,1,Compass,,,,Compass,right,14.1,yes,Compass; Cruella; Rooster_II; Chopsticks; Flower_2,,,,Compass,right,14.1,Compass,right,Jigsaw,wrong,
2026-10-10T12:26:58,IMG_2941.HEIC,20261010-122655-4b7e3b,,1,Shingles,,,,Shingles,right,1.2,no,Shingles; Chopsticks; Bubbles; Lotus; Cruella,,,,Chopsticks,in top 5,1.5,Flower,wrong,Shingles,right,
2026-10-10T12:27:00,IMG_2942.HEIC,20261010-122658-6ce430,,1,Shingles,,,,Shingles,right,2.5,no,Shingles; Strobe_II; T117; D.E.P.; Bubbles,,,,Shingles,right,2.5,Strobe,in top 5,Bubbles,wrong,
2026-10-10T12:27:03,IMG_2943.HEIC,20261010-122700-0510df,,1,Shingles,,,,Shingles,right,2.6,no,Shingles; Strobe; T117; Cruella; Chopsticks,,,,Shingles,right,2.6,Strobe,in top 5,T022_23,in top 5,
2026-10-10T12:27:05,IMG_2944.HEIC,20261010-122703-fecf90,,1,Shingles,,,,Shingles,right,6.1,yes,Shingles; D.E.P.; Flower; T039_70; Rooster_II,,,,Shingles,right,6.1,Shingles,right,D.E.P.,in top 5,
2026-10-10T12:27:09,IMG_2945.HEIC,20261010-122705-3f6220,,1,Shingles,,,,Shingles,right,1.7,no,Shingles; T117; Cruella; Bubbles; Lotus,,,,Shingles,right,1.7,Cruella,in top 5,Esther,wrong,
2026-10-10T12:27:12,IMG_2947.HEIC,20261010-122709-144eeb,,1,new turtle,,,,Chopsticks,,2.8,no,Chopsticks; Sunflower; Shingles; Compass; Flower,,,,Chopsticks,,2.8,Flower,,Rooster,,
2026-10-10T12:27:15,IMG_2948.HEIC,20261010-122712-46f26d,,1,new turtle,,,,Cruella,,0.8,no,Cruella; Flower; T117; T039_70; Wishbone,,,,T039_70,,0.8,Cruella,,Cruella,,
2026-10-10T12:27:18,IMG_2949.HEIC,20261010-122715-847b4c,,1,new turtle,,,,Cruella,,0.3,no,Cruella; Shingles; Esther; T022_23; Lotus,,,,T045,,0.4,Cruella,,Flower,,
2026-10-10T12:27:22,IMG_2950.HEIC,20261010-122718-cf981e,,1,new turtle,,,,Esther,,0.3,no,Esther; Shingles; T016; Bubbles; D.E.P.,,,,T066,,0.5,Esther,,Rooster_II,,
2026-10-10T12:27:24,IMG_2951.HEIC,20261010-122722-4f531b,,1,new turtle,,,,Shingles,,0.5,no,Shingles; Rooster_II; Esther; D.E.P.; Compass,,,,Compass,,0.5,Esther,,T104,,
2026-10-10T12:27:29,IMG_2952.HEIC,20261010-122724-4a9780,,1,new turtle,,,,Cruella,,0.7,no,Cruella; Esther; Fist; Faded_Flower; Bubbles,,,,Cruella,,0.7,Cruella,,Cruella,,
2026-10-10T12:27:32,IMG_2953.HEIC,20261010-122729-dfeb69,,1,new turtle,,,,T066,,0.6,no,T066; Shingles; Bubbles; Flower; T117,,,,Shingles,,0.7,T066,,Flower,,
2026-10-10T12:27:36,IMG_2954.HEIC,20261010-122732-256d93,,1,new turtle,,,,T117,,0.9,no,T117; Flower; Fist; D.E.P.; T044,,,,Fist,,1.0,Esther,,Cruella,,
2026-10-10T12:27:39,IMG_2955.HEIC,20261010-122736-a30d1c,,1,new turtle,,,,Chopsticks,,1.3,no,Chopsticks; D.E.P.; Shingles; Glyph; Wishbone,,,,Chopsticks,,1.3,Esther,,Sunflower,,
2026-10-10T12:27:42,IMG_2956.HEIC,20261010-122739-6f777f,,1,new turtle,,,,Sunflower,,0.4,no,Sunflower; Bubbles; T117; D.E.P.; Cruella,,,,T117,,0.7,Sunflower,,Flower,,
2026-10-10T12:27:45,IMG_2957.HEIC,20261010-122742-a01c2e,,1,new turtle,,,,Bubbles,,0.9,no,Bubbles; T117; Jigsaw; Wishbone; Sunflower,,,,T117,,0.9,Sunflower,,Cruella,,
2026-10-10T12:27:49,IMG_2969.JPG,20261010-122745-4017ac,,1,bad photo,,,,Shingles,,1.3,no,Shingles; D.E.P.; T117; Cruella; Flower,,,,Shingles,,1.3,Esther,,Chopsticks,,
2026-10-10T12:27:52,IMG_2970.JPG,20261010-122749-457aad,,1,bad photo,,,,Shingles,,1.8,no,Shingles; Bubbles; D.E.P.; Esther; Rooster_II,,,,Shingles,,1.8,Esther,,Chopsticks,,
2026-10-10T12:27:55,IMG_2971.JPG,20261010-122752-01aaf6,,1,bad photo,,,,Jigsaw,,1.1,no,Jigsaw; Faded_Flower; Cruella; Esther; Rooster_II,,,,Faded_Flower,,1.6,Cruella,,Shingles,,
2026-10-10T12:27:57,IMG_3112.HEIC,20261010-122755-7407e7,,1,bad photo,,,,Lotus,,1.3,no,Lotus; Jigsaw; T039_70; Cruella; Shingles,,,,Lotus,,1.3,Esther,,Esther,,
2026-10-10T12:28:00,IMG_3113.HEIC,20261010-122757-747958,,1,bad photo,,,,Jigsaw,,0.6,no,Jigsaw; Shingles; Esther; Lotus; Cruella,,,,Shingles,,0.8,Esther,,Cruella,,
2026-10-10T12:28:03,IMG_3114.heic,20261010-122800-de4877,,1,new turtle,,,,T039_70,,0.6,no,T039_70; Cruella; T122; Jigsaw; T117,,,,T104,,0.6,D.E.P.,,Sunflower,,
2026-10-10T12:28:06,IMG_3115.heic,20261010-122803-cc8b59,,1,new turtle,,,,Compass,,0.4,no,Compass; Spikey; Cruella; Rooster_II; T045,,,,Spikey,,0.6,Compass,,Sunflower,,
2026-10-10T12:28:08,IMG_3116.HEIC,20261010-122806-b78557,,1,new turtle,,,,Shingles,,1.8,no,Shingles; Esther; Cruella; Faded_Flower; D.E.P.,,,,Shingles,,1.8,Shingles,,Shingles,,
2026-10-10T12:28:10,IMG_3117.HEIC,20261010-122808-af9e82,,1,new turtle,,,,D.E.P.,,1.2,no,D.E.P.; T066; Bubbles; Emoji; Rooster_II,,,,D.E.P.,,1.2,Emoji,,Cruella,,
2026-10-10T12:28:13,IMG_3118.HEIC,20261010-122810-58f924,,1,new turtle,,,,Bubbles,,0.8,no,Bubbles; Cruella; D.E.P.; Shingles; Compass,,,,Cruella,,0.8,D.E.P.,,Compass,,
2026-10-10T12:28:16,IMG_3119.heic,20261010-122813-ec0b8f,,1,new turtle,,,,Shingles,,2.2,no,Shingles; Compass; T066; T039_70; Lotus,,,,T039_70,,2.6,Shingles,,Faded_Flower,,
2026-10-10T12:28:19,IMG_3120.heic,20261010-122816-fa64eb,,1,new turtle,,,,Rooster_II,,1.2,no,Rooster_II; Jigsaw; Shingles; T022_23; Cruella,,,,Jigsaw,,1.5,Emoji,,Shingles,,
2026-10-10T12:28:22,IMG_3121.heic,20261010-122819-e53692,,1,new turtle,,,,Compass,,0.7,no,Compass; Cruella; T122; D.E.P.; Sunflower,,,,Sunflower,,0.7,T122,,Faded_Flower,,
2026-10-10T12:28:24,IMG_3122.HEIC,20261010-122822-44803e,,1,new turtle,,,,Jigsaw,,2.1,no,Jigsaw; Spikey; Compass; Cruella; D.E.P.,,,,Jigsaw,,2.1,Cruella,,Faded_Flower,,
2026-10-10T12:28:27,IMG_3123.HEIC,20261010-122824-71ca43,,1,new turtle,,,,Cruella,,1.5,no,Cruella; Spikey; Compass; Shingles; T117,,,,T117,,1.5,Cruella,,Cruella,,
2026-10-10T12:28:29,IMG_3124.HEIC,20261010-122827-63101e,,1,new turtle,,,,Cruella,,0.5,no,Cruella; D.E.P.; T117; Glyph; T122,,,,Cruella,,0.5,D.E.P.,,Sunflower,,
2026-10-10T12:28:32,IMG_3189.HEIC,20261010-122829-e99d8b,,1,Flower,,,,Flower,right,5.9,yes,Flower; Sunflower; Cruella; T117; Compass,,,,Flower,right,5.9,Sunflower,in top 5,Sunflower,in top 5,
2026-10-10T12:28:35,IMG_3190.HEIC,20261010-122832-f3a724,,1,Flower,,,,Flower,right,7.6,yes,Flower; Sunflower; Compass; T117; Faded_Flower,,,,Flower,right,7.6,Sunflower,in top 5,Sunflower,in top 5,
2026-10-10T12:28:39,IMG_3191.HEIC,20261010-122835-7e3299,,1,Flower,,,,Flower,right,2.2,no,Flower; Sunflower; Chopsticks; Compass; Esther,,,,Flower,right,2.2,Flower,right,Sunflower,in top 5,
2026-10-10T12:28:42,IMG_3192.HEIC,20261010-122839-421fda,,1,Flower,,,,Flower,right,1.4,no,Flower; Chopsticks; Compass; Sunflower; Cruella,,,,Chopsticks,in top 5,2.2,Flower,right,Sunflower,in top 5,
2026-10-10T12:28:45,IMG_3193.HEIC,20261010-122842-2758e0,,1,Flower,,,,Flower,right,1.3,no,Flower; Compass; Sunflower; Jigsaw; T117,,,,Flower,right,1.3,Flower,right,Jigsaw,in top 5,
2026-10-10T12:28:49,IMG_3194.HEIC,20261010-122845-4f9f74,,1,Flower,,,,Flower,right,1.8,no,Flower; Sunflower; Compass; T117; Shingles,,,,Flower,right,1.8,Sunflower,in top 5,Sunflower,in top 5,
2026-10-10T12:28:52,IMG_3195.HEIC,20261010-122849-771902,,1,Flower,,,,Flower,right,3.0,no,Flower; Compass; Chopsticks; Sunflower; T117,,,,Flower,right,3.0,Sunflower,in top 5,Sunflower,wrong,
2026-10-10T12:28:55,IMG_3196.HEIC,20261010-122852-4e6770,,1,Flower,,,,Flower,right,4.7,yes,Flower; Shingles; Sunflower; Cruella; Jigsaw,,,,Flower,right,4.7,Sunflower,in top 5,Sunflower,in top 5,
2026-10-10T12:28:59,IMG_3197.HEIC,20261010-122855-e5489a,,1,bad photo,,,,Esther,,0.2,no,Esther; Flower; Spikey; Shingles; Bubbles,,,,Flower,,0.3,Esther,,Lotus,,
2026-10-10T12:29:01,IMG_3201.heic,20261010-122859-c8d0cb,,1,Flower,,,,Chopsticks,in top 5,1.5,no,Chopsticks; Flower; Compass; Lotus; Sunflower,,,,Chopsticks,in top 5,1.5,Flower_2,in top 5,Flower,right,
2026-10-10T12:29:04,IMG_3202.heic,20261010-122901-da0b32,,1,Flower,,,,Flower,right,2.1,no,Flower; Jigsaw; T117; Sunflower; Cruella,,,,Flower,right,2.1,Flower,right,T117,in top 5,
2026-10-10T12:29:07,IMG_3203.heic,20261010-122904-c76d56,,1,Flower,,,,Flower,right,4.0,yes,Flower; T117; T066; Sunflower; Chopsticks,,,,Flower,right,4.0,T117,in top 5,Compass,in top 5,
2026-10-10T12:29:09,IMG_3204.heic,20261010-122907-da00b5,,1,Flower,,,,Flower,right,2.4,no,Flower; T117; Shingles; Cruella; Sunflower,,,,Flower,right,2.4,Flower,right,T117,in top 5,
2026-10-10T12:29:12,IMG_3205.HEIC,20261010-122910-c64a0a,,1,Flower,,,,Jigsaw,wrong,0.5,no,Jigsaw; T117; Cruella; Esther; Lotus,,,,T117,in top 5,0.6,Cruella,wrong,T117,wrong,
2026-10-10T12:29:15,IMG_3207.HEIC,20261010-122912-855a51,,1,Flower,,,,Flower,right,2.9,no,Flower; Sunflower; T117; Cruella; Compass,,,,Flower,right,2.9,Sunflower,in top 5,Sunflower,wrong,
2026-10-10T12:29:17,IMG_3208.HEIC,20261010-122915-85a213,,1,Flower,,,,Flower,right,2.5,no,Flower; Shingles; Sunflower; T117; Lotus,,,,Flower,right,2.5,Sunflower,in top 5,Sunflower,wrong,
2026-10-10T12:29:20,IMG_3212.HEIC,20261010-122917-1a3b2e,,1,bad photo,,,,Cruella,,0.7,no,Cruella; T117; Jigsaw; Flower; Esther,,,,T117,,0.9,Esther,,Shingles,,
2026-10-10T12:29:22,IMG_3213.HEIC,20261010-122920-c68d90,,1,bad photo,,,,Esther,,0.7,no,Esther; Cruella; Jigsaw; Lotus; T117,,,,Jigsaw,,1.2,Esther,,Shingles,,
2026-10-10T12:29:25,IMG_3214.HEIC,20261010-122922-fd73f0,,1,Flower,,,,Flower,right,1.7,no,Flower; Jigsaw; Esther; Cruella; Spikey,,,,Flower,right,1.7,Flower_2,wrong,T117,wrong,
2026-10-10T12:29:29,IMG_3217.HEIC,20261010-122925-c64af0,,1,new turtle,,,,T122,,0.7,no,T122; T117; Cruella; Sunflower; Lotus,,,,T122,,0.7,T117,,Sunflower,,
2026-10-10T12:29:32,IMG_3218.HEIC,20261010-122929-1b3d90,,1,new turtle,,,,Jigsaw,,1.3,no,Jigsaw; Compass; T117; Cruella; Sunflower,,,,Jigsaw,,1.3,T066,,Faded_Flower,,
2026-10-10T12:29:34,IMG_3219.HEIC,20261010-122932-fe9089,,1,new turtle,,,,Cruella,,0.8,no,Cruella; T066; T117; Flower; Lotus,,,,T022_23,,1.0,T066,,Flower,,
2026-10-10T12:29:36,IMG_3220.HEIC,20261010-122934-6ad5d9,,1,new turtle,,,,Flower,,0.4,no,Flower; Sunflower; T117; T066; Shingles,,,,Chopsticks,,0.6,Flower,,Faded_Flower,,
2026-10-10T12:29:39,IMG_3221.HEIC,20261010-122936-d2a182,,1,new turtle,,,,Compass,,1.0,no,Compass; Shingles; Sunflower; T117; Bubbles,,,,Compass,,1.0,Shingles,,Faded_Flower,,
2026-10-10T12:29:42,IMG_3222.HEIC,20261010-122939-cb2058,,1,new turtle,,,,Chopsticks,,2.6,no,Chopsticks; D.E.P.; Shingles; Faded_Flower; Compass,,,,Chopsticks,,2.6,Shingles,,D.E.P.,,
2026-10-10T12:29:44,IMG_3223.HEIC,20261010-122942-b9837c,,1,new turtle,,,,Flower,,0.8,no,Flower; D.E.P.; T066; Compass; Bubbles,,,,T039_70,,0.8,Flower,,T066,,
2026-10-10T12:29:48,IMG_3224.heic,20261010-122944-da1269,,1,new turtle,,,,Sunflower,,0.5,no,Sunflower; T039_70; Flower; Lotus; Glyph,,,,T039_70,,0.8,Flower,,Strobe,,
2026-10-10T12:29:52,IMG_3226.HEIC,20261010-122948-3a9cd0,,1,Aztec,,,,Aztec,right,7.7,yes,Aztec; T117; Jigsaw; Cruella; D.E.P.,,,,Aztec,right,7.7,Aztec,right,Compass,in top 5,
2026-10-10T12:29:56,IMG_3227.HEIC,20261010-122952-a08bd7,,1,Aztec,,,,Aztec,right,10.2,yes,Aztec; T039_70; Compass; Jigsaw; Chopsticks,,,,Aztec,right,10.2,Aztec,right,Aztec,right,
2026-10-10T12:29:58,IMG_3228.HEIC,20261010-122956-ce1d7b,,1,Aztec,,,,Aztec,right,10.5,yes,Aztec; Jigsaw; T022_23; Compass; Rooster,,,,Aztec,right,10.5,Aztec,right,Aztec,right,
2026-10-10T12:30:01,IMG_3229.HEIC,20261010-122958-5f539f,,1,Aztec,,,,Aztec,right,2.6,no,Aztec; T066; Rooster_II; Rooster; Fist,,,,Aztec,right,2.6,Aztec,right,Compass,wrong,
2026-10-10T12:30:04,IMG_3230.HEIC,20261010-123001-0810e3,,1,Shingles,,,,Shingles,right,0.8,no,Shingles; T039_70; D.E.P.; Esther; Lotus,,,,T039_70,in top 5,1.0,Shingles,right,T104,in top 5,
2026-10-10T12:30:06,IMG_3250.JPG,20261010-123004-37f00b,,1,Jazzy,,,,Jazzy,right,2.7,no,Jazzy; Wishbone; T117; Glyph; Spikey,,,,Jazzy,right,2.7,Jazzy,right,T117,in top 5,
2026-10-10T12:30:09,IMG_3251.JPG,20261010-123006-58385d,,1,Jazzy,,,,Jazzy,right,4.8,yes,Jazzy; D.E.P.; T117; Esther; Cruella,,,,Jazzy,right,4.8,Jazzy,right,T117,in top 5,
2026-10-10T12:30:11,IMG_3289.HEIC,20261010-123009-e74c60,,1,Cruella,,,,Cruella,right,1.2,no,Cruella; Esther; Flower; Bubbles; Jigsaw,,,,Flower,in top 5,1.6,Esther,in top 5,T117,in top 5,
2026-10-10T12:30:15,IMG_3290.heic,20261010-123011-4aedf8,,1,Cruella,,,,Cruella,right,10.2,yes,Cruella; Compass; Shingles; Jigsaw; T045,,,,Cruella,right,10.2,Aztec,wrong,Cruella,right,
2026-10-10T12:30:18,IMG_3291.heic,20261010-123015-bcab7f,,1,Cruella,,,,Cruella,right,7.6,yes,Cruella; Esther; T117; T066; Lotus,,,,Cruella,right,7.6,Cruella,right,Cruella,right,
2026-10-10T12:30:20,IMG_3292.HEIC,20261010-123018-4eddd7,,1,Cruella,,,,Cruella,right,10.2,yes,Cruella; T045; Compass; T122; T039_70,,,,Cruella,right,10.2,T122,wrong,Cruella,right,
2026-10-10T12:30:23,IMG_3293.HEIC,20261010-123020-93be3b,,1,Cruella,,,,Cruella,right,1.6,no,Cruella; T117; Wishbone; T122; Compass,,,,Cruella,right,1.6,T122,in top 5,T117,wrong,
2026-10-10T12:30:27,IMG_3294.HEIC,20261010-123023-cefc54,,1,Cruella,,,,Cruella,right,2.8,no,Cruella; Compass; Faded_Flower; Rooster_II; Wishbone,,,,Cruella,right,2.8,Cruella,right,Rooster,in top 5,
2026-10-10T12:30:31,IMG_3295.heic,20261010-123027-4f8365,,1,Cruella,,,,Cruella,right,8.4,yes,Cruella; Sunflower; Chopsticks; Flower; Wishbone,,,,Cruella,right,8.4,Cruella,right,Strobe,in top 5,
2026-10-10T12:30:34,IMG_3296.heic,20261010-123031-88e00f,,1,Cruella,,,,Cruella,right,5.3,yes,Cruella; Flower; Lotus; Chopsticks; Shingles,,,,Cruella,right,5.3,Cruella,right,Strobe,wrong,
2026-10-10T12:30:38,IMG_3297.heic,20261010-123034-438c15,,1,new turtle,,,,Shingles,,0.9,no,Shingles; Flower; T117; Cruella; Compass,,,,Shingles,,0.9,T117,,Cruella,,
2026-10-10T12:30:41,IMG_3298.heic,20261010-123038-2285da,,1,new turtle,,,,Jigsaw,,1.1,no,Jigsaw; Cruella; Shingles; T117; Chopsticks,,,,Jigsaw,,1.1,T117,,Cruella,,
2026-10-10T12:30:44,IMG_3299.HEIC,20261010-123041-aa7684,,1,new turtle,,,,T117,,0.8,no,T117; Cruella; Chopsticks; Flower_2; Esther,,,,T117,,0.8,Cruella,,T117,,
2026-10-10T12:30:47,IMG_3300.heic,20261010-123044-784312,,1,new turtle,,,,Shingles,,0.5,no,Shingles; T117; Cruella; Bubbles; Compass,,,,T039_70,,0.9,T117,,Cruella,,
2026-10-10T12:30:51,IMG_3301.HEIC,20261010-123047-b3d7f7,,1,new turtle,,,,T066,,0.6,no,T066; T117; Flower; T122; Aztec,,,,T066,,0.6,T122,,Flower_2,,
2026-10-10T12:30:54,IMG_3302.heic,20261010-123051-a1840e,,1,new turtle,,,,Shingles,,0.6,no,Shingles; T104; D.E.P.; Rooster_II; Esther,,,,Cruella,,0.8,Shingles,,T104,,
2026-10-10T12:30:56,IMG_3303.heic,20261010-123054-e66377,,1,new turtle,,,,Chopsticks,,0.9,no,Chopsticks; Lotus; Shingles; Sunflower; Rooster_II,,,,Chopsticks,,0.9,T026,,T022_23,,
2026-10-10T12:30:58,IMG_3305.HEIC,20261010-123056-9612b9,,1,Cruella,,,,Jigsaw,in top 5,2.6,no,Jigsaw; Cruella; Lotus; Esther; Spikey,,,,Jigsaw,in top 5,2.6,Esther,in top 5,Esther,in top 5,
2026-10-10T12:31:01,IMG_3306.heic,20261010-123058-a90a47,,1,Cruella,,,,Cruella,right,8.7,yes,Cruella; T039_70; T066; Wishbone; T045,,,,Cruella,right,8.7,Cruella,right,Sunflower,in top 5,
2026-10-10T12:31:03,IMG_3307.HEIC,20261010-123101-18502b,,1,Cruella,,,,Cruella,right,2.2,no,Cruella; Jigsaw; Esther; Lotus; T117,,,,Cruella,right,2.2,Esther,in top 5,T117,wrong,
2026-10-10T12:31:06,IMG_3308.heic,20261010-123103-6d717f,,1,Faded_Flower,,,,Faded_Flower,right,1.3,no,Faded_Flower; Flower; T117; Cruella; Shingles,,,,Faded_Flower,right,1.3,T117,wrong,Shingles,wrong,
2026-10-10T12:31:09,IMG_3309.heic,20261010-123106-2327a7,,1,Faded_Flower,,,,Faded_Flower,right,2.2,no,Faded_Flower; Shingles; T117; Flower; Jigsaw,,,,Faded_Flower,right,2.2,T117,wrong,Shingles,wrong,
2026-10-10T12:31:11,IMG_3311.heic,20261010-123109-7b2a05,,1,new turtle,,,,Compass,,0.8,no,Compass; T117; Sunflower; Glyph; Rooster_II,,,,Compass,,0.8,Rooster_II,,T117,,
2026-10-10T12:31:15,IMG_3312.heic,20261010-123111-383777,,1,new turtle,,,,Rooster_II,,0.5,no,Rooster_II; Aztec; T117; Cruella; Sunflower,,,,T039_70,,0.7,Aztec,,Cruella,,
2026-10-10T12:31:18,IMG_3313.heic,20261010-123115-572d51,,1,new turtle,,,,Compass,,0.5,no,Compass; Chopsticks; T039_70; T117; Aztec,,,,Chopsticks,,0.9,Aztec,,Compass,,
2026-10-10T12:31:22,IMG_3314.heic,20261010-123118-8b695e,,1,new turtle,,,,T117,,0.4,no,T117; Cruella; Rooster_II; Compass; Shingles,,,,Shingles,,0.6,Rooster,,Compass,,
2026-10-10T12:31:25,IMG_3315.heic,20261010-123122-74dff1,,1,new turtle,,,,Cruella,,0.8,no,Cruella; Compass; Rooster_II; T117; Shingles,,,,Chopsticks,,0.9,T122,,Cruella,,
2026-10-10T12:31:28,IMG_3316.heic,20261010-123125-ff6931,,1,new turtle,,,,Rooster_II,,0.5,no,Rooster_II; D.E.P.; Shingles; T039_70; Faded_Flower,,,,T103x,,0.6,D.E.P.,,D.E.P.,,
2026-10-10T12:31:31,IMG_3317.heic,20261010-123128-0d67f3,,1,new turtle,,,,Chopsticks,,6.3,yes,Chopsticks; Flower; Sunflower; Cruella; Compass,,,,Chopsticks,,6.3,Aztec,,Shingles,,
2026-10-10T12:31:34,IMG_3318.HEIC,20261010-123131-c82fbd,,1,bad photo,,,,Wishbone,,0.8,no,Wishbone; Cruella; Shingles; Flower; T039_70,,,,T039_70,,0.9,Cruella,,Lotus,,
2026-10-10T12:31:37,IMG_3320.heic,20261010-123134-20c089,,1,Faded_Flower,,,,Faded_Flower,right,12.2,yes,Faded_Flower; Shingles; Cruella; Jigsaw; T117,,,,Faded_Flower,right,12.2,Sunflower,wrong,Flower_2,wrong,
2026-10-10T12:31:39,IMG_3322.heic,20261010-123137-7f193c,,1,Faded_Flower,,,,Faded_Flower,right,7.9,yes,Faded_Flower; T117; Flower_2; Cruella; Chopsticks,,,,Faded_Flower,right,7.9,Flower_2,in top 5,T117,wrong,
2026-10-10T12:31:43,IMG_3323.heic,20261010-123139-791782,,1,Faded_Flower,,,,Faded_Flower,right,9.0,yes,Faded_Flower; T039_70; Shingles; Rooster_II; Jigsaw,,,,Faded_Flower,right,9.0,Faded_Flower,right,Shingles,in top 5,
2026-10-10T12:31:45,IMG_3326.heic,20261010-123143-641149,,1,Compass,,,,Compass,right,8.5,yes,Compass; T039_70; T122; Flower; D.E.P.,,,,Compass,right,8.5,Compass,right,Compass,right,
2026-10-10T12:31:48,IMG_3327.heic,20261010-123145-934300,,1,Compass,,,,Compass,right,10.2,yes,Compass; Cruella; Spikey; T117; Rooster_II,,,,Compass,right,10.2,Compass,right,Cruella,in top 5,
2026-10-10T12:31:50,IMG_3328.heic,20261010-123148-10f072,,1,Compass,,,,Compass,right,8.1,yes,Compass; Cruella; T122; Spikey; Chopsticks,,,,Compass,right,8.1,Compass,right,Flower_2,in top 5,
2026-10-10T12:31:54,IMG_3329.heic,20261010-123150-e15a6a,,1,Compass,,,,Compass,right,3.1,no,Compass; Wishbone; Cruella; T122; Rooster_II,,,,Compass,right,3.1,T122,in top 5,Flower_2,in top 5,
2026-10-10T12:31:57,IMG_3331.HEIC,20261010-123154-f361fb,,1,Compass,,,,Cruella,in top 5,0.6,no,Cruella; Compass; Shingles; Flower; D.E.P.,,,,Compass,right,0.8,Cruella,in top 5,T117,in top 5,
2026-10-10T12:32:00,IMG_3335.heic,20261010-123157-8e84f5,,1,new turtle,,,,Cruella,,0.4,no,Cruella; T117; T066; Esther; Rooster,,,,Compass,,0.4,Cruella,,Cruella,,
2026-10-10T12:32:03,IMG_3336.HEIC,20261010-123200-faf2ea,,1,new turtle,,,,Chopsticks,,0.9,no,Chopsticks; Cruella; T117; Rooster; Shingles,,,,Chopsticks,,0.9,Rooster,,Cruella,,
2026-10-10T12:32:06,IMG_3337.HEIC,20261010-123203-80b55b,,1,new turtle,,,,Cruella,,0.8,no,Cruella; D.E.P.; T066; T117; Wishbone,,,,D.E.P.,,1.0,Cruella,,Cruella,,
2026-10-10T12:32:09,IMG_3338.HEIC,20261010-123206-801fc0,,1,bad photo,,,,Rooster_II,,0.9,no,Rooster_II; Compass; Jigsaw; Cruella; T117,,,,Compass,,1.0,Cruella,,Lotus,,
2026-10-10T12:32:18,IMG_3342.HEIC,20261010-123209-8e43cf,,1,bad photo,,,,Esther,,0.2,no,Esther; Cruella; T039_70; Sunflower; Jigsaw,,,,Sunflower,,0.3,Esther,,T039_70,,
2026-10-10T12:32:24,IMG_3345.heic,20261010-123221-69687f,,1,Cruella,,,,Cruella,right,5.8,yes,Cruella; Flower; D.E.P.; Emoji; T045,,,,Cruella,right,5.8,Cruella,right,Cruella,right,
2026-10-10T12:32:27,IMG_3346.heic,20261010-123224-565e06,,1,Cruella,,,,Cruella,right,12.5,yes,Cruella; T117; Shingles; D.E.P.; Sunflower,,,,Cruella,right,12.5,Cruella,right,Cruella,right,
2026-10-10T12:32:31,IMG_3348.heic,20261010-123227-f0ea34,,1,Cruella,,,,Cruella,right,7.7,yes,Cruella; Compass; T122; T117; Emoji,,,,Cruella,right,7.7,T122,in top 5,T122,in top 5,
2026-10-10T12:32:34,IMG_3349.HEIC,20261010-123231-2e1a98,,1,Cruella,,,,Cruella,right,0.4,no,Cruella; Esther; Flower_2; T117; Jigsaw,,,,Flower_2,wrong,0.7,Cruella,right,Shingles,wrong,
2026-10-10T12:32:37,IMG_3350.heic,20261010-123234-4aaaaa,,1,Compass,,,,Compass,right,18.4,yes,Compass; Wishbone; Cruella; T117; Chopsticks,,,,Compass,right,18.4,Compass,right,Lotus,in top 5,
2026-10-10T12:32:40,IMG_3351.heic,20261010-123237-f26e03,,1,Compass,,,,Compass,right,19.7,yes,Compass; T122; Rooster_II; Chopsticks; Sunflower,,,,Compass,right,19.7,Compass,right,T122,in top 5,
2026-10-10T12:32:42,IMG_3352.HEIC,20261010-123240-c0173a,,1,Compass,,,,Compass,right,9.2,yes,Compass; T117; D.E.P.; Cruella; Chopsticks,,,,Compass,right,9.2,Chopsticks,in top 5,Cruella,wrong,
2026-10-10T12:32:45,IMG_3420.HEIC,20261010-123242-700cbb,,1,bad photo,,,,Esther,,0.3,no,Esther; Cruella; Jigsaw; Lotus; Shingles,,,,Flower,,0.6,Esther,,Shingles,,
2026-10-10T12:32:48,IMG_3421.heic,20261010-123245-4176d3,,1,Sunflower,,,,Sunflower,right,11.9,yes,Sunflower; Jigsaw; Cruella; Flower; Compass,,,,Sunflower,right,11.9,Sunflower,right,Sunflower,right,
2026-10-10T12:32:51,IMG_3422.heic,20261010-123248-6830da,,1,Sunflower,,,,Sunflower,right,12.8,yes,Sunflower; Compass; Chopsticks; Jigsaw; Flower,,,,Sunflower,right,12.8,Sunflower,right,Cruella,in top 5,
2026-10-10T12:32:55,IMG_3423.heic,20261010-123251-01219d,,1,Sunflower,,,,Sunflower,right,7.5,yes,Sunflower; Cruella; T117; Spikey; Rooster,,,,Sunflower,right,7.5,Sunflower,right,Compass,in top 5,
2026-10-10T12:32:57,IMG_3424.heic,20261010-123255-3d2edd,,1,Sunflower,,,,Sunflower,right,6.6,yes,Sunflower; T117; Flower; Compass; Cruella,,,,Sunflower,right,6.6,Flower,in top 5,Compass,in top 5,
2026-10-10T12:33:00,IMG_3425.JPEG,20261010-123257-b29518,,1,new turtle,,,,Jigsaw,,0.4,no,Jigsaw; Cruella; Aztec; Esther; Wishbone,,,,Wishbone,,0.6,Jigsaw,,Jigsaw,,
2026-10-10T12:33:02,IMG_3426.HEIC,20261010-123300-6da569,,1,bad photo,,,,Esther,,1.9,no,Esther; Lotus; Sunflower; Cruella; T044,,,,T044,,2.6,Esther,,Lotus,,
2026-10-10T12:33:05,IMG_3427.heic,20261010-123302-e0e202,,1,Lotus,,,,Lotus,right,1.9,no,Lotus; Cruella; Chopsticks; T117; Esther,,,,Lotus,right,1.9,Lotus,right,Strobe,wrong,
2026-10-10T12:33:08,IMG_3428.heic,20261010-123305-5e7a2e,,1,Lotus,,,,Lotus,right,1.1,no,Lotus; Shingles; Cruella; T117; Sunflower,,,,Lotus,right,1.1,Lotus,right,Shingles,in top 5,
2026-10-10T12:33:11,IMG_3429.heic,20261010-123308-7cbb22,,1,Lotus,,,,Lotus,right,3.3,no,Lotus; Chopsticks; Flower; T117; Strobe_II,,,,Lotus,right,3.3,Glyph,in top 5,Flower,in top 5,
2026-10-10T12:33:13,IMG_3431.heic,20261010-123311-6b2f35,,1,Lotus,,,,Chopsticks,wrong,2.6,no,Chopsticks; D.E.P.; Shingles; T039_70; Compass,,,,Chopsticks,wrong,2.6,Shingles,wrong,T104,wrong,
2026-10-10T12:33:16,IMG_3433.HEIC,20261010-123313-b37b43,,1,bad photo,,,,Esther,,0.6,no,Esther; Cruella; Jigsaw; Lotus; D.E.P.,,,,Chopsticks,,0.8,Esther,,T117,,
2026-10-10T12:33:19,IMG_3434.heic,20261010-123316-083075,,1,Jigsaw,,,,Jigsaw,right,13.5,yes,Jigsaw; Cruella; Aztec; Sunflower; T039_70,,,,Jigsaw,right,13.5,Jigsaw,right,Jigsaw,right,
2026-10-10T12:33:22,IMG_3435.heic,20261010-123319-7f7c43,,1,Jigsaw,,,,Jigsaw,right,8.7,yes,Jigsaw; Cruella; T117; Flower; Sunflower,,,,Jigsaw,right,8.7,Jigsaw,right,Flower,in top 5,
2026-10-10T12:33:25,IMG_3436.heic,20261010-123322-3e49d7,,1,Jigsaw,,,,Jigsaw,right,9.2,yes,Jigsaw; Cruella; Flower; T117; Strobe_II,,,,Jigsaw,right,9.2,Strobe_II,in top 5,Sunflower,wrong,
2026-10-10T12:33:28,IMG_3437.heic,20261010-123325-e48342,,1,Jigsaw,,,,Jigsaw,right,0.7,no,Jigsaw; T117; Cruella; Flower; T066,,,,Cruella,in top 5,0.8,Jigsaw,right,T117,wrong,
2026-10-10T12:33:31,IMG_3438.heic,20261010-123328-e882ef,,1,new turtle,,,,D.E.P.,,1.2,no,D.E.P.; Flower; Shingles; Jigsaw; Rooster_II,,,,D.E.P.,,1.2,Cruella,,T117,,
2026-10-10T12:33:33,IMG_3439.heic,20261010-123331-bb1973,,1,new turtle,,,,T039_70,,1.8,no,T039_70; Jigsaw; T066; Shingles; Esther,,,,T039_70,,1.8,T117,,Flower_2,,
2026-10-10T12:33:36,IMG_3440.heic,20261010-123333-509ebb,,1,new turtle,,,,Compass,,0.5,no,Compass; Cruella; Aztec; Fist; T117,,,,Cruella,,0.5,Compass,,Flower_2,,
2026-10-10T12:33:39,IMG_3441.heic,20261010-123336-6ce11a,,1,new turtle,,,,D.E.P.,,0.2,no,D.E.P.; T039_70; Rooster_II; T117; Jigsaw,,,,T117,,0.7,D.E.P.,,T039_70,,
2026-10-10T12:33:44,IMG_3443.HEIC,20261010-123339-65e72d,,1,bad photo,,,,Esther,,0.4,no,Esther; Shingles; Rooster_II; Bubbles; Spikey,,,,Rooster_II,,0.6,Esther,,Lotus,,
2026-10-10T12:33:46,IMG_3444.heic,20261010-123344-00ba57,,1,Spikey,,,,Spikey,right,9.5,yes,Spikey; Chopsticks; D.E.P.; Compass; Shingles,,,,Spikey,right,9.5,Shingles,wrong,Flower_2,wrong,
2026-10-10T12:33:49,IMG_3445.heic,20261010-123346-5603eb,,1,Spikey,,,,Spikey,right,4.4,yes,Spikey; Cruella; T117; Compass; Jigsaw,,,,Spikey,right,4.4,Cruella,wrong,Flower_2,wrong,
2026-10-10T12:33:52,IMG_3446.HEIC,20261010-123349-079c24,,1,bad photo,,,,Cruella,,0.4,no,Cruella; Lotus; Jigsaw; T117; Esther,,,,Flower,,0.5,Cruella,,Lotus,,
2026-10-10T12:33:55,IMG_3447.heic,20261010-123352-932a2d,,1,T117,,,,T117,right,4.0,yes,T117; Jigsaw; T039_70; Cruella; Shingles,,,,T117,right,4.0,T117,right,T117,right,
2026-10-10T12:34:00,IMG_3448.heic,20261010-123355-80784a,,1,T117,,,,T117,right,3.2,no,T117; Flower; Cruella; Sunflower; Compass,,,,T117,right,3.2,Flower,in top 5,T117,right,
2026-10-10T12:34:02,IMG_3449.heic,20261010-123400-f7de4c,,1,T117,,,,T117,right,3.7,no,T117; Compass; T066; Flower; Chopsticks,,,,T117,right,3.7,T117,right,Sunflower,in top 5,
2026-10-10T12:34:05,IMG_3450.HEIC,20261010-123402-792ae9,,1,Compass,,,,Compass,right,2.6,no,Compass; T117; Rooster_II; Flower; Cruella,,,,Compass,right,2.6,Compass,right,Cruella,in top 5,
2026-10-10T12:34:09,IMG_3451.heic,20261010-123405-54a775,,1,Compass,,,,Compass,right,5.3,yes,Compass; Spikey; T122; Cruella; D.E.P.,,,,Compass,right,5.3,Spikey,in top 5,Compass,right,
2026-10-10T12:34:12,IMG_3452.heic,20261010-123409-9172e9,,1,T117,,,,T117,right,4.0,yes,T117; T039_70; Jigsaw; Sunflower; Cruella,,,,T117,right,4.0,T066,in top 5,Shingles,wrong,
2026-10-10T12:34:15,IMG_3453.HEIC,20261010-123412-b991bb,,1,T117,,,,T117,right,4.9,yes,T117; Shingles; Faded_Flower; Cruella; Jigsaw,,,,T117,right,4.9,Faded_Flower,in top 5,Faded_Flower,wrong,
2026-10-10T12:34:17,IMG_3454.heic,20261010-123415-b1ea86,,1,T117,,,,T117,right,4.3,yes,T117; T039_70; Cruella; Esther; Sunflower,,,,T117,right,4.3,Cruella,in top 5,Faded_Flower,in top 5,
2026-10-10T12:34:19,IMG_3455.HEIC,20261010-123417-2dd931,,1,bad photo,,,,Jigsaw,,4.1,yes,Jigsaw; Esther; Cruella; Flower; T117,,,,Jigsaw,,4.1,Esther,,Shingles,,
2026-10-10T12:34:22,IMG_3456.heic,20261010-123419-2de3c9,,1,Spikey,,,,Compass,in top 5,0.9,no,Compass; Spikey; Cruella; T066; T117,,,,T066,in top 5,1.1,Cruella,in top 5,T122,wrong,
2026-10-10T12:34:26,IMG_3457.heic,20261010-123422-a4b1c9,,1,Spikey,,,,Spikey,right,2.7,no,Spikey; Chopsticks; Cruella; Compass; Lotus,,,,Spikey,right,2.7,T122,in top 5,T122,wrong,
2026-10-10T12:34:29,IMG_3458.HEIC,20261010-123426-e95a56,,1,Spikey,,,,Spikey,right,1.3,no,Spikey; T122; Cruella; Jigsaw; D.E.P.,,,,Spikey,right,1.3,Emoji,wrong,D.E.P.,wrong,
2026-10-10T12:34:31,IMG_3459.heic,20261010-123429-e3b938,,1,Spikey,,,,Spikey,right,0.8,no,Spikey; Cruella; T117; Compass; Shingles,,,,Chopsticks,in top 5,0.9,Cruella,in top 5,T117,wrong,
2026-10-10T12:34:33,IMG_3460.heic,20261010-123431-e686a7,,1,Spikey,,,,Spikey,right,1.3,no,Spikey; Cruella; Jigsaw; T117; Compass,,,,Jigsaw,in top 5,1.5,Spikey,right,Cruella,wrong,
2026-10-10T12:34:38,IMG_3461.heic,20261010-123433-5721e4,,1,Spikey,,,,Spikey,right,0.9,no,Spikey; Rooster_II; T117; Cruella; Esther,,,,Spikey,right,0.9,Rooster_II,in top 5,T122,wrong,
2026-10-10T12:34:40,IMG_3462.heic,20261010-123438-979ed7,,1,bad photo,,,,T117,,1.8,no,T117; Jigsaw; Compass; D.E.P.; Cruella,,,,T117,,1.8,T066,,T117,,
2026-10-10T12:34:46,IMG_3465.heic,20261010-123440-f19fdf,,1,Spikey,,,,Spikey,right,1.7,no,Spikey; T117; Compass; Shingles; T039_70,,,,Spikey,right,1.7,T117,in top 5,Glyph,wrong,
2026-10-10T12:34:48,IMG_3470.heic,20261010-123446-354aed,,1,Compass,,,,Compass,right,2.0,no,Compass; T117; Aztec; Cruella; Shingles,,,,Compass,right,2.0,Compass,right,Compass,right,
2026-10-10T12:34:51,IMG_3471.heic,20261010-123448-f88956,,1,Compass,,,,Compass,right,3.3,no,Compass; D.E.P.; Esther; T122; T117,,,,Compass,right,3.3,Compass,right,D.E.P.,in top 5,
2026-10-10T12:34:54,IMG_3473.HEIC,20261010-123451-6150da,,1,bad photo,,,,Shingles,,0.3,no,Shingles; T039_70; Esther; T117; Cruella,,,,Chopsticks,,0.4,Esther,,Lotus,,
2026-10-10T12:34:56,IMG_3474.heic,20261010-123454-d898e4,,1,new turtle,,,,Compass,,0.6,no,Compass; T117; Chopsticks; Sunflower; Jigsaw,,,,Wishbone,,0.6,T117,,Compass,,
2026-10-10T12:34:58,IMG_3475.HEIC,20261010-123456-686c59,,1,bad photo,,,,Cruella,,0.4,no,Cruella; Esther; Jigsaw; Rooster_II; Flower,,,,Wishbone,,0.4,Cruella,,Shingles,,
2026-10-10T12:35:01,IMG_3476.heic,20261010-123458-3c39f0,,1,new turtle,,,,T117,,0.6,no,T117; Glyph; Cruella; Esther; Jigsaw,,,,T066,,0.7,Glyph,,Compass,,
2026-10-10T12:35:04,IMG_3480.heic,20261010-123501-b3b570,,1,Emoji,,,,Emoji,right,0.4,no,Emoji; T122; Spikey; Cruella; D.E.P.,,,,Flower,in top 5,0.5,Emoji,right,Cruella,wrong,
2026-10-10T12:35:07,IMG_3481.heic,20261010-123504-e08964,,1,Emoji,,,,Emoji,right,1.8,no,Emoji; Cruella; Bubbles; D.E.P.; Compass,,,,Emoji,right,1.8,Flower_2,in top 5,Cruella,wrong,
2026-10-10T12:35:09,IMG_3482.heic,20261010-123507-52194c,,1,Emoji,,,,Emoji,right,1.6,no,Emoji; T117; Compass; T039_70; Glyph,,,,Emoji,right,1.6,Emoji,right,Flower_2,wrong,
2026-10-10T12:35:12,IMG_3483.heic,20261010-123509-17dbd7,,1,Emoji,,,,T122,in top 5,0.5,no,T122; Rooster_II; Emoji; Compass; Cruella,,,,Rooster_II,wrong,0.8,Emoji,right,T122,wrong,
2026-10-10T12:35:15,IMG_3491.heic,20261010-123512-066b38,,1,bad photo,,,,Lotus,,1.6,no,Lotus; Jigsaw; Esther; T117; Compass,,,,Spikey,,2.2,Esther,,Shingles,,
2026-10-10T12:35:18,IMG_3492.heic,20261010-123515-5a029f,,1,T117,,,,T117,right,3.8,no,T117; Flower; Sunflower; Lotus; Shingles,,,,T117,right,3.8,Flower,in top 5,Flower_2,in top 5,
2026-10-10T12:35:21,IMG_3493.heic,20261010-123518-09203c,,1,T117,,,,T117,right,2.0,no,T117; Flower; Cruella; Jigsaw; Compass,,,,T117,right,2.0,Flower,in top 5,Flower,in top 5,
2026-10-10T12:35:24,IMG_3494.heic,20261010-123521-aa531f,,1,T117,,,,T117,right,4.8,yes,T117; Flower; Shingles; Flower_2; Cruella,,,,T117,right,4.8,T117,right,T117,right,
2026-10-10T12:35:27,IMG_3495.heic,20261010-123524-d9aaa3,,1,T117,,,,Shingles,in top 5,0.9,no,Shingles; T117; Flower; Cruella; Flower_2,,,,Shingles,in top 5,0.9,Flower_2,in top 5,Flower_2,in top 5,
2026-10-10T12:35:30,IMG_3496.heic,20261010-123527-73e1fa,,1,T117,,,,T117,right,0.9,no,T117; Cruella; Esther; Wishbone; Rooster_II,,,,T117,right,0.9,Cruella,in top 5,Flower_2,in top 5,
2026-10-10T12:35:33,IMG_3497.heic,20261010-123530-1e9490,,1,T117,,,,T117,right,3.4,no,T117; Chopsticks; Sunflower; Flower; T045,,,,Chopsticks,in top 5,3.7,T117,right,Esther,wrong,
2026-10-10T12:35:36,IMG_3498.HEIC,20261010-123533-59f131,,1,bad photo,,,,Jigsaw,,1.0,no,Jigsaw; Esther; Cruella; D.E.P.; Shingles,,,,D.E.P.,,1.0,Esther,,Esther,,
2026-10-10T12:35:39,IMG_3499.heic,20261010-123536-cb32fa,,1,T117,,,,T117,right,4.0,yes,T117; Jigsaw; T122; Sunflower; Esther,,,,T117,right,4.0,T117,right,Sunflower,in top 5,
2026-10-10T12:35:41,IMG_3500.heic,20261010-123539-5a8158,,1,T117,,,,T117,right,3.2,no,T117; Cruella; Jigsaw; Sunflower; Esther,,,,T117,right,3.2,T117,right,T117,right,
2026-10-10T12:35:44,IMG_3502.heic,20261010-123541-fc9deb,,1,Emoji,,,,D.E.P.,wrong,0.8,no,D.E.P.; T039_70; Shingles; Faded_Flower; Esther,,,,D.E.P.,wrong,0.8,D.E.P.,wrong,D.E.P.,wrong,
2026-10-10T12:35:48,IMG_3729 2.heic,20261010-123544-2ab878,,1,new turtle,,,,Shingles,,0.5,no,Shingles; T117; Esther; Faded_Flower; Cruella,,,,T117,,0.7,Shingles,,Shingles,,
2026-10-10T12:35:51,IMG_3729.heic,20261010-123548-eb11cf,,1,new turtle,,,,Shingles,,0.6,no,Shingles; Faded_Flower; Cruella; T016; Rooster_II,,,,Shingles,,0.6,Shingles,,T117,,
2026-10-10T12:35:53,IMG_3730.heic,20261010-123551-27ff9d,,1,new turtle,,,,Shingles,,0.9,no,Shingles; D.E.P.; Bubbles; Jigsaw; T117,,,,Shingles,,0.9,Shingles,,T117,,
2026-10-10T12:35:55,IMG_3731.heic,20261010-123553-91c3de,,1,new turtle,,,,Shingles,,0.5,no,Shingles; Bubbles; Sunflower; T117; Cruella,,,,Sunflower,,0.5,Shingles,,Shingles,,
2026-10-10T12:35:58,IMG_3732.heic,20261010-123555-ee481d,,1,new turtle,,,,T117,,0.5,no,T117; Compass; Shingles; D.E.P.; Cruella,,,,Chopsticks,,0.7,Shingles,,Shingles,,
2026-10-10T12:36:01,IMG_3733.heic,20261010-123558-26d3f6,,1,new turtle,,,,Shingles,,0.7,no,Shingles; T117; Flower; D.E.P.; Glyph,,,,Jigsaw,,0.7,Emoji,,T104,,
2026-10-10T12:36:03,IMG_3735.HEIC,20261010-123601-c89b10,,1,bad photo,,,,Esther,,0.9,no,Esther; Jigsaw; Cruella; Lotus; T039_70,,,,Rooster,,0.9,Esther,,Lotus,,
2026-10-10T12:36:06,IMG_3737.heic,20261010-123603-55ad01,,1,new turtle,,,,Jigsaw,,0.8,no,Jigsaw; Rooster_II; Shingles; Bubbles; Cruella,,,,Rooster_II,,0.9,Faded_Flower,,Cruella,,
2026-10-10T12:36:08,IMG_3738.heic,20261010-123606-b27ce5,,1,new turtle,,,,T117,,0.8,no,T117; Rooster_II; Shingles; Bubbles; D.E.P.,,,,Rooster_II,,0.9,Shingles,,Sunflower,,
2026-10-10T12:36:11,IMG_3739.heic,20261010-123608-3de66d,,1,new turtle,,,,Shingles,,0.5,no,Shingles; Esther; Compass; Faded_Flower; Sunflower,,,,Sunflower,,0.7,Shingles,,Cruella,,
2026-10-10T12:36:13,IMG_3740.HEIC,20261010-123611-5a37d2,,1,bad photo,,,,Jigsaw,,4.7,yes,Jigsaw; Chopsticks; Flower; T117; Spikey,,,,Chopsticks,,4.7,Esther,,Jigsaw,,
2026-10-10T12:36:16,IMG_3741.HEIC,20261010-123613-3b0d0c,,1,new turtle,,,,Compass,,0.6,no,Compass; Shingles; Jigsaw; Lotus; Chopsticks,,,,Chopsticks,,0.8,Lotus,,Shingles,,
2026-10-10T12:36:19,IMG_3742.jpg,20261010-123616-8e25a4,,1,new turtle,,,,Rooster,,0.4,no,Rooster; Compass; Sunflower; Cruella; Shingles,,,,Shingles,,0.5,Rooster,,Rooster,,
2026-10-10T12:36:23,IMG_3743.jpg,20261010-123619-2b666c,,1,new turtle,,,,Rooster,,0.2,no,Rooster; Sunflower; Cruella; Spikey; T117,,,,Chopsticks,,0.6,Rooster,,Rooster,,
2026-10-10T12:36:26,IMG_3744.jpg,20261010-123623-d937c2,,1,new turtle,,,,Sunflower,,0.5,no,Sunflower; Cruella; Rooster; D.E.P.; Flower,,,,Flower,,0.8,Rooster,,T122,,
2026-10-10T12:36:29,IMG_3745.jpg,20261010-123626-0f17f6,,1,new turtle,,,,D.E.P.,,0.4,no,D.E.P.; Jigsaw; Rooster_II; Rooster; Sunflower,,,,Jigsaw,,0.5,Rooster,,Rooster,,
2026-10-10T12:36:32,IMG_3746.jpg,20261010-123629-a2cbf6,,1,new turtle,,,,Rooster,,0.3,no,Rooster; Cruella; Aztec; Sunflower; Compass,,,,Flower,,0.6,Rooster,,Cruella,,
2026-10-10T12:36:34,IMG_3872.HEIC,20261010-123632-9b74d7,,1,bad photo,,,,Esther,,1.3,no,Esther; Spikey; Lotus; D.E.P.; Cruella,,,,Esther,,1.3,Esther,,Bubbles,,
2026-10-10T12:36:37,IMG_3873.HEIC,20261010-123634-490b79,,1,Glyph,,,,Jigsaw,wrong,2.1,no,Jigsaw; Lotus; Chopsticks; Cruella; Esther,,,,Jigsaw,wrong,2.1,Lotus,wrong,Lotus,wrong,
2026-10-10T12:36:39,IMG_3874.HEIC,20261010-123637-1f43b8,,1,Glyph,,,,Glyph,right,1.8,no,Glyph; Shingles; Esther; Cruella; T066,,,,Glyph,right,1.8,Jazzy,wrong,Lotus,wrong,
2026-10-10T12:36:43,IMG_3875.heic,20261010-123639-13220a,,1,Glyph,,,,Glyph,right,2.2,no,Glyph; Esther; Shingles; T117; Cruella,,,,Glyph,right,2.2,Bubbles,wrong,Lotus,wrong,
2026-10-10T12:36:45,IMG_3876.heic,20261010-123643-6c23b8,,1,Glyph,,,,Glyph,right,3.4,no,Glyph; Esther; Fist; Cruella; D.E.P.,,,,Glyph,right,3.4,Cruella,wrong,Esther,wrong,
2026-10-10T12:36:49,IMG_3877.heic,20261010-123645-0d38c5,,1,Glyph,,,,Glyph,right,4.8,yes,Glyph; Faded_Flower; D.E.P.; Esther; Lotus,,,,Glyph,right,4.8,Glyph,right,Esther,wrong,
2026-10-10T12:36:51,IMG_3878.heic,20261010-123649-d77584,,1,Glyph,,,,Glyph,right,1.5,no,Glyph; Cruella; Esther; T117; Bubbles,,,,Glyph,right,1.5,Bubbles,wrong,Esther,wrong,
2026-10-10T12:36:54,IMG_3879.HEIC,20261010-123651-1c2f33,,1,Glyph,,,,Shingles,in top 5,0.6,no,Shingles; T045; D.E.P.; T117; Glyph,,,,T045,wrong,0.8,Shingles,in top 5,Esther,wrong,
2026-10-10T12:36:56,IMG_3880.HEIC,20261010-123654-b4a89e,,1,Glyph,,,,Shingles,in top 5,0.7,no,Shingles; Cruella; Esther; Glyph; Rooster_II,,,,Shingles,wrong,0.7,Cruella,in top 5,Esther,wrong,
2026-10-10T12:36:58,IMG_3881.HEIC,20261010-123656-bdfc31,,1,bad photo,,,,Cruella,,9.1,yes,Cruella; Shingles; Esther; T117; Jigsaw,,,,Shingles,,9.1,Esther,,Lotus,,
2026-10-10T12:37:00,IMG_3882.HEIC,20261010-123658-4192c8,,1,bad photo,,,,Cruella,,3.7,no,Cruella; Lotus; Flower_2; T104; Jigsaw,,,,Cruella,,3.7,Esther,,Sunflower,,
2026-10-10T12:37:03,IMG_3883.HEIC,20261010-123700-a73adc,,1,Glyph,,,,Cruella,in top 5,0.4,no,Cruella; Glyph; Jazzy; D.E.P.; Esther,,,,Glyph,right,0.9,Cruella,wrong,T117,in top 5,
2026-10-10T12:37:05,IMG_3884.HEIC,20261010-123703-5b8d7b,,1,Glyph,,,,Glyph,right,1.6,no,Glyph; Shingles; T117; Bubbles; Jazzy,,,,Glyph,right,1.6,Jazzy,wrong,T117,in top 5,
2026-10-10T12:37:08,IMG_3885.HEIC,20261010-123705-8bcc2c,,1,Glyph,,,,Glyph,right,1.6,no,Glyph; D.E.P.; Shingles; T117; Flower,,,,Glyph,right,1.6,D.E.P.,wrong,T016,in top 5,
2026-10-10T12:37:10,IMG_3886.HEIC,20261010-123708-031a7c,,1,bad photo,,,,Jigsaw,,1.2,no,Jigsaw; Shingles; Esther; Spikey; Compass,,,,Jigsaw,,1.2,Esther,,Shingles,,
2026-10-10T12:37:13,IMG_5105.JPEG,20261010-123710-1d9c5b,,1,new turtle,,,,Compass,,0.2,no,Compass; Rooster_II; Rooster; Shingles; Aztec,,,,Rooster_II,,0.4,Compass,,Compass,,
2026-10-10T12:37:17,IMG_5106.JPEG,20261010-123713-2b45c4,,1,new turtle,,,,Rooster,,0.2,no,Rooster; Sunflower; Compass; Cruella; T122,,,,Spikey,,0.5,Rooster,,Compass,,
2026-10-10T12:37:20,IMG_5107.JPEG,20261010-123717-df6bb5,,1,new turtle,,,,Cruella,,0.4,no,Cruella; Compass; Rooster; Sunflower; Rooster_II,,,,Glyph,,0.5,Rooster,,Compass,,
2026-10-10T12:37:24,IMG_5108.JPEG,20261010-123720-555e17,,1,new turtle,,,,Cruella,,0.6,no,Cruella; T122; T117; Rooster; Compass,,,,T117,,0.7,Rooster,,Compass,,
2026-10-10T12:37:27,IMG_5109.JPEG,20261010-123724-9c4bb4,,1,new turtle,,,,Shingles,,0.6,no,Shingles; Bubbles; Cruella; Flower; Compass,,,,Bubbles,,0.7,Cruella,,Compass,,
2026-10-10T12:37:30,IMG_5111.JPEG,20261010-123727-f62f2c,,1,new turtle,,,,Compass,,0.4,no,Compass; Cruella; Aztec; Spikey; Flower,,,,Chopsticks,,0.5,Cruella,,Compass,,
2026-10-10T12:37:32,IMG_5112.JPEG,20261010-123730-a8d1bd,,1,new turtle,,,,T117,,0.7,no,T117; Cruella; Flower; Spikey; D.E.P.,,,,T117,,0.7,Cruella,,Compass,,
2026-10-10T12:37:34,IMG_6670.JPEG,20261010-123732-84c724,,1,new turtle,,,,Cruella,,2.6,no,Cruella; Esther; Shingles; Jigsaw; T117,,,,Cruella,,2.6,Esther,,Shingles,,
2026-10-10T12:37:37,IMG_6671.JPEG,20261010-123734-bf80c8,,1,new turtle,,,,Bubbles,,1.0,no,Bubbles; Cruella; Wishbone; D.E.P.; Rooster_II,,,,Bubbles,,1.0,Wishbone,,Flower,,
2026-10-10T12:37:41,IMG_7369.jpg,20261010-123737-9195c8,,1,Jazzy,,,,Jazzy,right,3.3,no,Jazzy; T039_70; Cruella; Wishbone; Glyph,,,,Jazzy,right,3.3,Jazzy,right,Jazzy,right,
2026-10-10T12:37:43,IMG_7412.jpg,20261010-123741-fd8001,,1,Jazzy,,,,Jazzy,right,0.6,no,Jazzy; Bubbles; D.E.P.; Shingles; Flower_2,,,,Jazzy,right,0.6,Bubbles,in top 5,T122,in top 5,
2026-10-10T12:37:47,IMG_7518.JPEG,20261010-123743-de142d,,1,bad photo,,,,Esther,,0.6,no,Esther; Cruella; T117; Lotus; T104,,,,T104,,0.6,Esther,,Shingles,,
2026-10-10T12:37:49,IMG_7529.JPEG,20261010-123747-87208c,,1,bad photo,,,,Jigsaw,,0.9,no,Jigsaw; Cruella; Spikey; Compass; Shingles,,,,Spikey,,1.4,Jigsaw,,Bubbles,,
2026-10-10T12:37:52,IMG_7530.JPEG,20261010-123749-8bf1e9,,1,bad photo,,,,Cruella,,1.3,no,Cruella; Jigsaw; Jazzy; Shingles; Esther,,,,Cruella,,1.3,Jazzy,,Bubbles,,
2026-10-10T12:37:54,IMG_7531.JPEG,20261010-123752-c914cd,,1,bad photo,,,,Jigsaw,,1.3,no,Jigsaw; T044; Cruella; D.E.P.; Lotus,,,,T044,,1.9,Jigsaw,,Bubbles,,
2026-10-10T12:37:57,IMG_7557.JPEG,20261010-123754-d243dc,,1,bad photo,,,,Shingles,,0.5,no,Shingles; T066; Cruella; Flower; Lotus,,,,T066,,0.8,Shingles,,T026,,
2026-10-10T12:38:01,IMG_7562.JPEG,20261010-123757-745b89,,1,Jazzy,,,,Jazzy,right,2.5,no,Jazzy; T117; Sunflower; Glyph; Bubbles,,,,Jazzy,right,2.5,Jazzy,right,T117,wrong,
2026-10-10T12:38:05,IMG_7616.JPEG,20261010-123801-62948a,,1,Jazzy,,,,Jazzy,right,2.3,no,Jazzy; T045; Cruella; T117; Bubbles,,,,Jazzy,right,2.3,T045,in top 5,T117,in top 5,
2026-10-10T12:38:09,IMG_7676.JPG,20261010-123805-7ca52a,,1,new turtle,,,,D.E.P.,,0.4,no,D.E.P.; Cruella; Chopsticks; Jazzy; Rooster_II,,,,T117,,0.4,Cruella,,T104,,
2026-10-10T12:38:12,IMG_7678.jpg,20261010-123809-ab67ac,,1,new turtle,,,,Wishbone,,0.6,no,Wishbone; Rooster_II; Cruella; Rooster; Compass,,,,T039_70,,0.7,Rooster,,Rooster_II,,
2026-10-10T12:38:15,IMG_7682.jpg,20261010-123812-3c929c,,1,new turtle,,,,Cruella,,0.5,no,Cruella; Shingles; T045; T104; Fist,,,,Shingles,,1.0,Cruella,,Compass,,
2026-10-10T12:38:18,IMG_7848.jpg,20261010-123815-60e78c,,1,Emoji,,,,Emoji,right,0.4,no,Emoji; Sunflower; T122; Cruella; T045,,,,T066,wrong,0.6,Emoji,right,Cruella,wrong,
2026-10-10T12:38:21,IMG_7849.JPEG,20261010-123818-3dd8f6,,1,Emoji,,,,Emoji,right,0.7,no,Emoji; Cruella; Compass; Bubbles; Shingles,,,,Emoji,right,0.7,Emoji,right,Emoji,right,
2026-10-10T12:38:26,IMG_7849.jpg,20261010-123821-c38658,,1,Emoji,,,,Emoji,right,1.3,no,Emoji; Cruella; Flower; Sunflower; Compass,,,,Emoji,right,1.3,Emoji,right,Emoji,right,
2026-10-10T12:38:29,IMG_7850.jpg,20261010-123826-52928b,,1,Shingles,,,,Shingles,right,0.6,no,Shingles; Cruella; Bubbles; Sunflower; T066,,,,Spikey,in top 5,0.8,Emoji,in top 5,Rooster,in top 5,
2026-10-10T12:38:33,IMG_7851.JPEG,20261010-123829-e698e4,,1,bad photo,,,,Cruella,,0.3,no,Cruella; T117; Esther; Rooster; Flower_2,,,,Rooster,,0.5,Cruella,,Lotus,,
2026-10-10T12:38:37,IMG_7962.JPEG,20261010-123833-b1ddc8,,1,T122,,,,T122,right,1.9,no,T122; Compass; Flower; D.E.P.; Faded_Flower,,,,Faded_Flower,in top 5,2.6,T122,right,T122,right,
2026-10-10T12:38:40,IMG_7963.JPEG,20261010-123837-1f4136,,1,T122,,,,T122,right,1.3,no,T122; Cruella; T039_70; Flower; Compass,,,,T122,right,1.3,T122,right,T122,right,
2026-10-10T12:38:42,IMG_7963.jpg,20261010-123840-a2ac3f,,1,T122,,,,T122,right,2.1,no,T122; D.E.P.; T039_70; Flower; Cruella,,,,T122,right,2.1,T122,right,T122,right,
2026-10-10T12:38:45,IMG_7964.JPEG,20261010-123842-1ef9a4,,1,T122,,,,T122,right,1.4,no,T122; Flower; Chopsticks; Compass; D.E.P.,,,,T122,right,1.4,T122,right,T122,right,
2026-10-10T12:38:51,IMG_7964.jpg,20261010-123845-16de37,,1,T122,,,,T122,right,2.0,no,T122; Compass; Flower; Chopsticks; T117,,,,T122,right,2.0,T122,right,T122,right,
2026-10-10T12:38:54,IMG_7965.JPEG,20261010-123851-f548d0,,1,T122,,,,T122,right,2.1,no,T122; Compass; T066; Chopsticks; Flower,,,,T122,right,2.1,T039_70,in top 5,Compass,in top 5,
2026-10-10T12:38:57,IMG_7965.jpg,20261010-123854-b4ab24,,1,T122,,,,T122,right,2.1,no,T122; Cruella; T066; D.E.P.; Compass,,,,T122,right,2.1,Rooster_II,in top 5,T122,right,
2026-10-10T12:38:59,IMG_7967.JPEG,20261010-123857-889b92,,1,bad photo,,,,Cruella,,0.5,no,Cruella; Lotus; T117; Esther; Shingles,,,,Stilts,,0.6,Cruella,,T117,,
2026-10-10T12:39:18,IMG_7968.JPEG,20261010-123859-af061f,,1,Shingles,,,,Shingles,right,1.1,no,Shingles; D.E.P.; Lotus; Esther; Sunflower,,,,D.E.P.,in top 5,1.2,Shingles,right,T117,in top 5,
2026-10-10T12:39:41,IMG_7968.jpg,20261010-123918-a17b2a,,1,Shingles,,,,Shingles,right,0.9,no,Shingles; Lotus; Flower; D.E.P.; Esther,,,,D.E.P.,in top 5,1.0,Shingles,right,T117,in top 5,
2026-10-10T12:39:45,IMG_7969.JPEG,20261010-123941-41ca86,,1,Shingles,,,,Shingles,right,2.6,no,Shingles; T117; Lotus; Chopsticks; Bubbles,,,,Shingles,right,2.6,Shingles,right,T117,in top 5,
2026-10-10T12:39:48,IMG_7969.jpg,20261010-123945-e09084,,1,Shingles,,,,Shingles,right,2.8,no,Shingles; Flower; Lotus; T117; Cruella,,,,Shingles,right,2.8,Shingles,right,T117,in top 5,
2026-10-10T12:39:52,IMG_7970.JPEG,20261010-123948-732453,,1,Shingles,,,,Shingles,right,1.1,no,Shingles; Faded_Flower; Cruella; Flower; Rooster_II,,,,Shingles,right,1.1,Flower_2,in top 5,T117,in top 5,
2026-10-10T12:39:55,IMG_7971.JPEG,20261010-123952-e443c2,,1,Shingles,,,,Shingles,right,0.6,no,Shingles; Flower; Cruella; Sunflower; Emoji,,,,Chopsticks,in top 5,0.8,Shingles,right,Cruella,in top 5,
2026-10-10T12:39:58,IMG_7972.JPEG,20261010-123955-e4170b,,1,bad photo,,,,Lotus,,0.6,no,Lotus; Shingles; Esther; Cruella; Compass,,,,Lotus,,0.6,Esther,,T104,,
2026-10-10T12:40:01,IMG_7973.JPEG,20261010-123958-0ee0a5,,1,Shingles,,,,Shingles,right,0.7,no,Shingles; Lotus; Esther; Cruella; Compass,,,,Shingles,right,0.7,Esther,in top 5,T117,in top 5,
2026-10-10T12:40:05,IMG_8027.JPEG,20261010-124001-18de9e,,1,new turtle,,,,Cruella,,0.5,no,Cruella; Jigsaw; T066; Aztec; Jazzy,,,,Flower,,0.8,Cruella,,T117,,
2026-10-10T12:40:08,IMG_8028.jpg,20261010-124005-5da635,,1,new turtle,,,,Rooster_II,,0.2,no,Rooster_II; T122; Chopsticks; Cruella; Compass,,,,Chopsticks,,0.6,Rooster_II,,T122,,
2026-10-10T12:40:11,IMG_8029.jpg,20261010-124008-511383,,1,new turtle,,,,Rooster_II,,0.8,no,Rooster_II; Cruella; T045; T122; Lotus,,,,T045,,1.0,Cruella,,Emoji,,
2026-10-10T12:40:15,IMG_8030.JPEG,20261010-124011-31086b,,1,new turtle,,,,Rooster_II,,0.5,no,Rooster_II; Cruella; Jigsaw; T117; T122,,,,Cruella,,0.5,T122,,Rooster,,
2026-10-10T12:40:18,IMG_8030.jpg,20261010-124015-ead905,,1,new turtle,,,,Jigsaw,,0.7,no,Jigsaw; T039_70; Wishbone; T066; Compass,,,,Jigsaw,,0.7,T122,,Rooster,,
2026-10-10T12:40:22,IMG_8031.JPEG,20261010-124018-9f9274,,1,new turtle,,,,Cruella,,0.4,no,Cruella; T117; Shingles; T066; T039_70,,,,T117,,0.5,Cruella,,T117,,
2026-10-10T12:40:25,image0.jpg,20261010-124022-797964,,1,Jazzy,,,,D.E.P.,wrong,0.8,no,D.E.P.; Glyph; Cruella; Jigsaw; Shingles,,,,Jigsaw,wrong,1.1,Jazzy,right,T122,in top 5,
2026-10-10T12:40:27,image2 2.JPEG,20261010-124025-3959e1,,1,bad photo,,,,Jigsaw,,0.6,no,Jigsaw; Esther; Cruella; Shingles; Lotus,,,,Sunflower,,0.8,Jigsaw,,Shingles,,
2026-10-10T12:40:30,image2.JPEG,20261010-124027-00c395,,1,Jazzy,,,,Jazzy,right,3.5,no,Jazzy; Glyph; Spikey; D.E.P.; Bubbles,,,,Jazzy,right,3.5,Jazzy,right,Jazzy,right,
2026-10-10T12:40:33,image3.jpg,20261010-124030-7b4a63,,1,Jazzy,,,,Jazzy,right,2.6,no,Jazzy; T117; T045; Glyph; T016,,,,Jazzy,right,2.6,Glyph,in top 5,Jazzy,right,
